video_name,n_frames,k_frames,prompt_id
12April_2010_Monday_tagesschau-362,111,21,5
15July_2011_Friday_tagesschau-8728,76,21,5
11November_2009_Wednesday_tagesschau-8033,89,21,5
01July_2009_Wednesday_tagesschau-4557,56,13,6
19May_2010_Wednesday_heute-1118,130,41,6
12July_2009_Sunday_tagesschau-2569,120,21,6
26February_2011_Saturday_tagesschau-3425,121,21,1
30September_2009_Wednesday_tagesschau-1770,47,13,8
02October_2009_Friday_tagesschau-1353,101,21,2
08February_2010_Monday_tagesschau-2807,196,41,1
14September_2010_Tuesday_heute-8247,151,41,0
13November_2009_Friday_tagesschau-8612,130,41,4
25March_2011_Friday_tagesschau-5819,191,41,4
04May_2011_Wednesday_heute-3989,170,41,8
30January_2010_Saturday_tagesschau-1691,120,21,8
23July_2011_Saturday_tagesschau-5504,142,41,0
11April_2010_Sunday_tagesschau-8637,87,21,3
11December_2010_Saturday_tagesschau-8660,120,21,6
26October_2010_Tuesday_tagesschau-5795,31,9,0
25August_2009_Tuesday_heute-3302,143,41,8
28March_2011_Monday_tagesschau-2292,105,21,7
22February_2010_Monday_tagesschau-3244,104,21,1
24August_2009_Monday_heute-6637,71,21,0
05September_2010_Sunday_tagesschau-3135,100,21,5
23February_2011_Wednesday_heute-3765,38,9,5
20January_2011_Thursday_tagesschau-3080,158,41,4
16July_2009_Thursday_tagesschau-5050,87,21,0
21April_2010_Wednesday_heute-3121,44,13,6
13April_2011_Wednesday_tagesschau-1684,106,21,8
28August_2009_Friday_tagesschau-5871,73,21,2
10November_2010_Wednesday_tagesschau-6799,84,21,9
27April_2010_Tuesday_heute-1034,121,21,3
09March_2011_Wednesday_heute-1743,185,41,7
09December_2009_Wednesday_heute-4753,87,21,3
01June_2010_Tuesday_tagesschau-5007,192,41,6
05May_2010_Wednesday_tagesschau-3355,104,21,5
03April_2010_Saturday_tagesschau-2971,140,41,2
12December_2010_Sunday_tagesschau-5604,56,13,6
16June_2010_Wednesday_heute-8315,112,21,5
05May_2011_Thursday_heute-3749,160,41,7
05April_2010_Monday_tagesschau-3556,88,21,0
02October_2012_Tuesday_tagesschau-2848,144,41,4
17February_2010_Wednesday_heute-1489,120,21,5
28January_2013_Monday_tagesschau-3617,104,21,0
01April_2011_Friday_tagesschau-3378,45,13,6
12October_2009_Monday_tagesschau-555,80,21,8
28September_2009_Monday_tagesschau-4675,160,41,5
01April_2010_Thursday_tagesschau-4333,105,21,8
19September_2010_Sunday_tagesschau-3795,102,21,7
28October_2010_Thursday_tagesschau-5930,86,21,4
07August_2009_Friday_tagesschau-6174,74,21,1
02December_2010_Thursday_tagesschau-3641,170,41,9
08April_2010_Thursday_heute-4000,45,13,4
24October_2010_Sunday_tagesschau-2902,133,41,0
30March_2010_Tuesday_heute-7568,205,41,2
02October_2012_Tuesday_tagesschau-2851,76,21,4
24February_2011_Thursday_heute-6669,107,21,6
26October_2010_Tuesday_tagesschau-5797,129,41,5
04August_2011_Thursday_tagesschau-709,75,21,4
02November_2010_Tuesday_heute-2744,89,21,8
22October_2010_Friday_tagesschau-2416,244,41,8
17April_2010_Saturday_tagesschau-403,123,21,6
10December_2009_Thursday_heute-7936,64,13,9
28August_2010_Saturday_tagesschau-8193,150,41,9
09November_2010_Tuesday_tagesschau-745,152,41,0
22July_2010_Thursday_tagesschau-8205,152,41,5
13October_2009_Tuesday_tagesschau-1645,95,21,2
23May_2011_Monday_tagesschau-1099,117,21,8
09March_2011_Wednesday_heute-1745,245,41,3
05July_2009_Sunday_tagesschau-4450,141,41,9
19October_2010_Tuesday_heute-8048,141,41,8
20June_2011_Monday_heute-6523,102,21,8
07February_2011_Monday_tagesschau-1610,139,41,2
26September_2010_Sunday_tagesschau-5939,182,41,4
10November_2009_Tuesday_tagesschau-7244,95,21,5
29April_2010_Thursday_heute-8628,220,41,1
31January_2011_Monday_heute-3044,254,41,4
03December_2009_Thursday_tagesschau-7222,124,21,7
29September_2012_Saturday_tagesschau-2968,45,13,7
20November_2010_Saturday_tagesschau-1821,121,21,6
28September_2010_Tuesday_heute-8347,63,13,8
14July_2011_Thursday_heute-5856,148,41,0
30September_2009_Wednesday_tagesschau-1781,35,9,8
14April_2010_Wednesday_heute-1884,129,41,7
07February_2010_Sunday_tagesschau-501,107,21,2
22August_2010_Sunday_tagesschau-1338,88,21,2
11August_2011_Thursday_heute-3187,104,21,0
12May_2010_Wednesday_tagesschau-317,108,21,3
25June_2010_Friday_tagesschau-3885,167,41,8
29July_2010_Thursday_heute-7747,321,41,9
02October_2009_Friday_tagesschau-1363,88,21,3
28May_2010_Friday_tagesschau-7504,150,41,0
04January_2010_Monday_heute-7406,162,41,4
05September_2010_Sunday_tagesschau-3134,114,21,0
26May_2010_Wednesday_heute-7874,67,21,3
18October_2010_Monday_tagesschau-6744,152,41,7
15July_2010_Thursday_tagesschau-4059,76,21,5
07February_2010_Sunday_tagesschau-492,110,21,4
22November_2011_Tuesday_tagesschau-3650,52,13,2
10April_2011_Sunday_tagesschau-1531,98,21,0
20October_2011_Thursday_tagesschau-514,90,21,9
12December_2010_Sunday_tagesschau-5603,100,21,2
10April_2010_Saturday_tagesschau-4132,235,41,0
07September_2010_Tuesday_tagesschau-1953,62,13,8
04May_2010_Tuesday_tagesschau-7845,139,41,4
30July_2011_Saturday_tagesschau-8588,116,21,1
11January_2011_Tuesday_heute-8166,77,21,1
30March_2010_Tuesday_heute-7571,147,41,7
07December_2010_Tuesday_tagesschau-4145,141,41,2
02July_2009_Thursday_tagesschau-2864,66,21,4
14October_2010_Thursday_tagesschau-296,104,21,2
16March_2011_Wednesday_tagesschau-2215,116,21,4
20October_2010_Wednesday_tagesschau-8220,98,21,5
15December_2009_Tuesday_tagesschau-6964,83,21,8
23September_2009_Wednesday_tagesschau-7588,73,21,3
01October_2009_Thursday_tagesschau-415,81,21,7
04January_2011_Tuesday_tagesschau-1066,134,41,7
19January_2011_Wednesday_tagesschau-7074,163,41,8
25March_2011_Friday_tagesschau-5822,68,21,3
08April_2010_Thursday_heute-4005,221,41,4
14April_2010_Wednesday_tagesschau-3808,126,21,2
08November_2010_Monday_tagesschau-6923,133,41,2
29May_2011_Sunday_tagesschau-761,32,9,0
28October_2010_Thursday_tagesschau-5923,50,13,9
10July_2009_Friday_tagesschau-1085,108,21,3
02November_2010_Tuesday_tagesschau-2033,128,21,1
27July_2010_Tuesday_tagesschau-6048,131,41,3
05January_2010_Tuesday_tagesschau-2676,74,21,1
22August_2010_Sunday_tagesschau-1343,71,21,3
05December_2011_Monday_tagesschau-4177,224,41,5
31January_2011_Monday_tagesschau-676,149,41,6
24October_2010_Sunday_tagesschau-2906,107,21,6
16May_2010_Sunday_tagesschau-5234,116,21,2
31July_2010_Saturday_tagesschau-2495,111,21,3
29April_2010_Thursday_heute-8629,127,21,6
13October_2009_Tuesday_tagesschau-1652,77,21,3
06May_2010_Thursday_tagesschau-5736,74,21,4
04April_2010_Sunday_tagesschau-4576,90,21,4
26April_2010_Monday_heute-3409,71,21,4
18April_2010_Sunday_tagesschau-6660,168,41,8
18September_2010_Saturday_tagesschau-4190,129,41,4
25January_2010_Monday_tagesschau-8310,66,21,8
30March_2010_Tuesday_tagesschau-5697,65,13,3
01September_2010_Wednesday_tagesschau-5046,137,41,6
06June_2010_Sunday_tagesschau-6366,104,21,9
10August_2011_Wednesday_tagesschau-6296,170,41,7
24October_2009_Saturday_tagesschau-4278,105,21,0
22October_2010_Friday_tagesschau-2410,165,41,2
09March_2011_Wednesday_heute-1740,127,21,9
27June_2010_Sunday_tagesschau-7391,139,41,1
09December_2011_Friday_tagesschau-8441,63,13,1
10January_2011_Monday_heute-1369,116,21,9
26May_2010_Wednesday_heute-7866,149,41,4
30July_2010_Friday_tagesschau-1517,111,21,0
23May_2010_Sunday_tagesschau-4343,51,13,5
09April_2010_Friday_tagesschau-7635,82,21,9
19April_2011_Tuesday_heute-5332,42,13,3
11February_2010_Thursday_tagesschau-8768,111,21,0
30December_2010_Thursday_tagesschau-2230,167,41,8
10August_2009_Monday_heute-6901,124,21,0
12August_2010_Thursday_tagesschau-4408,30,9,6
13November_2009_Friday_tagesschau-8602,74,21,8
05July_2010_Monday_heute-8695,102,21,4
20February_2010_Saturday_tagesschau-7898,126,21,1
18October_2010_Monday_heute-626,198,41,7
02November_2010_Tuesday_tagesschau-2032,203,41,3
12December_2010_Sunday_tagesschau-5609,62,13,1
08July_2010_Thursday_tagesschau-5383,126,21,8
12September_2009_Saturday_tagesschau-6596,101,21,1
20September_2010_Monday_tagesschau-7031,53,13,4
05January_2011_Wednesday_tagesschau-2246,34,9,4
19April_2011_Tuesday_heute-5341,77,21,7
01April_2010_Thursday_heute-6714,42,13,6
14December_2009_Monday_tagesschau-2094,125,21,3
26September_2009_Saturday_tagesschau-2338,42,13,4
14July_2011_Thursday_heute-5859,111,21,2
05December_2011_Monday_heute-7426,36,9,8
12August_2010_Thursday_tagesschau-4414,43,13,3
21October_2009_Wednesday_tagesschau-732,102,21,6
25September_2010_Saturday_tagesschau-3483,84,21,2
12April_2010_Monday_heute-7682,38,9,7
13July_2011_Wednesday_tagesschau-7987,95,21,1
12March_2011_Saturday_tagesschau-2456,141,41,4
26August_2009_Wednesday_heute-6557,32,9,6
14September_2010_Tuesday_heute-8246,141,41,3
23December_2010_Thursday_tagesschau-1432,74,21,6
22March_2011_Tuesday_tagesschau-4955,222,41,7
27February_2011_Sunday_tagesschau-6115,103,21,9
29July_2010_Thursday_tagesschau-7410,88,21,5
03July_2011_Sunday_tagesschau-1663,73,21,7
23April_2010_Friday_tagesschau-3662,226,41,1
18February_2010_Thursday_tagesschau-4520,64,13,9
07December_2011_Wednesday_tagesschau-5394,39,9,3
04October_2012_Thursday_tagesschau-4919,96,21,5
21April_2010_Wednesday_tagesschau-6232,136,41,4
06December_2010_Monday_heute-6208,111,21,0
14August_2009_Friday_tagesschau-76,104,21,4
14March_2011_Monday_tagesschau-7594,95,21,6
09July_2009_Thursday_tagesschau-7119,178,41,4
09July_2009_Thursday_tagesschau-7112,119,21,0
20January_2010_Wednesday_heute-816,61,13,9
14August_2011_Sunday_tagesschau-3237,139,41,2
09November_2010_Tuesday_heute-5836,178,41,6
14July_2011_Thursday_heute-5860,149,41,6
14June_2010_Monday_tagesschau-3699,125,21,8
16July_2011_Saturday_tagesschau-7526,56,13,2
14July_2010_Wednesday_tagesschau-1858,97,21,7
12December_2009_Saturday_tagesschau-4734,230,41,9
10January_2010_Sunday_tagesschau-479,263,41,0
07December_2010_Tuesday_tagesschau-4148,156,41,7
28January_2010_Thursday_heute-2894,76,21,0
01October_2009_Thursday_tagesschau-409,188,41,1
30January_2010_Saturday_tagesschau-1695,116,21,4
09February_2011_Wednesday_heute-7541,241,41,9
20October_2011_Thursday_tagesschau-515,128,21,9
23September_2010_Thursday_tagesschau-3438,117,21,7
18February_2011_Friday_tagesschau-6823,118,21,0
24May_2010_Monday_tagesschau-3147,100,21,5
25January_2010_Monday_tagesschau-8302,158,41,7
01June_2011_Wednesday_tagesschau-6955,82,21,1
23March_2011_Wednesday_tagesschau-8756,112,21,8
13November_2009_Friday_tagesschau-8606,133,41,4
30September_2012_Sunday_tagesschau-4035,89,21,2
24September_2009_Thursday_heute-6075,48,13,5
10November_2009_Tuesday_tagesschau-7242,114,21,3
02December_2010_Thursday_tagesschau-3632,82,21,2
25July_2011_Monday_heute-8234,36,9,0
31January_2010_Sunday_tagesschau-1327,89,21,1
23February_2010_Tuesday_heute-6246,234,41,7
08July_2010_Thursday_tagesschau-5384,105,21,1
04September_2010_Saturday_tagesschau-7323,106,21,6
01October_2012_Monday_heute-441,120,21,7
16June_2010_Wednesday_heute-8323,105,21,2
24February_2011_Thursday_tagesschau-4758,101,21,8
29November_2011_Tuesday_heute-8084,51,13,8
11December_2009_Friday_tagesschau-3514,126,21,4
26September_2010_Sunday_tagesschau-5942,106,21,5
10March_2011_Thursday_heute-53,160,41,4
26October_2009_Monday_tagesschau-1396,93,21,8
20May_2010_Thursday_tagesschau-3157,107,21,8
26April_2010_Monday_heute-3410,49,13,5
22February_2011_Tuesday_tagesschau-8407,110,21,9
17April_2011_Sunday_tagesschau-2160,138,41,7
19September_2010_Sunday_tagesschau-3805,147,41,6
15March_2011_Tuesday_tagesschau-3330,120,21,3
09August_2011_Tuesday_tagesschau-2583,87,21,3
24November_2009_Tuesday_tagesschau-5682,107,21,3
07December_2009_Monday_tagesschau-7105,84,21,6
19November_2009_Thursday_tagesschau-3785,99,21,0
07August_2009_Friday_tagesschau-6175,58,13,8
06October_2009_Tuesday_tagesschau-8163,161,41,9
03August_2010_Tuesday_tagesschau-2773,77,21,4
09July_2009_Thursday_tagesschau-7118,54,13,9
22February_2010_Monday_tagesschau-3243,65,13,3
29May_2011_Sunday_tagesschau-757,55,13,2
11February_2010_Thursday_tagesschau-8766,62,13,8
25August_2009_Tuesday_tagesschau-7088,129,41,3
25October_2010_Monday_tagesschau-15,138,41,7
06February_2010_Saturday_tagesschau-7366,164,41,1
30June_2009_Tuesday_tagesschau-2949,52,13,4
20December_2010_Monday_tagesschau-3197,100,21,6
20February_2010_Saturday_tagesschau-7894,188,41,0
30October_2009_Friday_tagesschau-2279,85,21,7
20August_2010_Friday_tagesschau-2722,205,41,2
09November_2010_Tuesday_tagesschau-750,194,41,7
04October_2012_Thursday_tagesschau-4925,65,13,7
15December_2010_Wednesday_heute-6012,131,41,4
10January_2010_Sunday_tagesschau-481,185,41,8
21April_2010_Wednesday_tagesschau-6236,65,13,7
06October_2011_Thursday_tagesschau-829,73,21,9
10May_2010_Monday_tagesschau-6859,130,41,6
21October_2011_Friday_tagesschau-4105,103,21,6
05May_2011_Thursday_tagesschau-32,105,21,8
31October_2009_Saturday_tagesschau-7140,110,21,2
11July_2009_Saturday_tagesschau-666,164,41,4
29July_2010_Thursday_tagesschau-7423,58,13,7
10July_2009_Friday_tagesschau-1089,178,41,6
13December_2009_Sunday_tagesschau-6821,97,21,2
25July_2011_Monday_heute-8223,129,41,8
13July_2011_Wednesday_tagesschau-7989,146,41,3
29September_2011_Thursday_heute-4225,101,21,2
20September_2010_Monday_tagesschau-7026,127,21,4
11December_2009_Friday_tagesschau-3516,39,9,7
25August_2010_Wednesday_tagesschau-8518,92,21,5
13April_2010_Tuesday_tagesschau-2317,121,21,6
09July_2009_Thursday_tagesschau-7120,92,21,0
18June_2010_Friday_tagesschau-4828,218,41,6
20October_2009_Tuesday_tagesschau-3599,116,21,8
13May_2010_Thursday_tagesschau-7925,188,41,5
29September_2010_Wednesday_heute-5456,47,13,0
29September_2012_Saturday_tagesschau-2961,66,21,9
03March_2011_Thursday_tagesschau-7063,127,21,2
24March_2011_Thursday_heute-6379,188,41,7
24January_2013_Thursday_tagesschau-6326,147,41,5
11January_2011_Tuesday_heute-8171,139,41,3
13September_2010_Monday_tagesschau-4596,129,41,1
14October_2010_Thursday_heute-2186,231,41,4
05April_2010_Monday_tagesschau-3549,167,41,0
23May_2011_Monday_tagesschau-1096,153,41,8
12December_2011_Monday_tagesschau-8276,59,13,9
06December_2011_Tuesday_heute-1538,183,41,7
07December_2011_Wednesday_tagesschau-5390,109,21,7
18September_2010_Saturday_tagesschau-4193,176,41,5
13December_2010_Monday_tagesschau-6942,106,21,2
14June_2010_Monday_tagesschau-3707,179,41,3
12March_2011_Saturday_tagesschau-2454,74,21,1
12April_2011_Tuesday_tagesschau-690,190,41,3
07December_2009_Monday_tagesschau-7107,117,21,9
23September_2009_Wednesday_tagesschau-7586,108,21,3
28May_2010_Friday_tagesschau-7499,126,21,8
22October_2009_Thursday_tagesschau-1136,146,41,2
29May_2010_Saturday_tagesschau-8421,118,21,6
13July_2009_Monday_tagesschau-7517,172,41,6
06January_2011_Thursday_tagesschau-5643,154,41,7
29November_2011_Tuesday_tagesschau-5614,147,41,3
30March_2011_Wednesday_tagesschau-7133,115,21,2
14December_2010_Tuesday_tagesschau-8459,78,21,5
10November_2010_Wednesday_tagesschau-6803,143,41,1
01December_2011_Thursday_tagesschau-3471,94,21,4
14May_2010_Friday_tagesschau-4798,94,21,9
13March_2011_Sunday_tagesschau-4464,82,21,5
18June_2010_Friday_tagesschau-4829,115,21,8
19July_2009_Sunday_tagesschau-1577,90,21,9
28April_2010_Wednesday_heute-5196,64,13,9
18January_2011_Tuesday_heute-5467,170,41,0
25March_2011_Friday_tagesschau-5827,163,41,3
26August_2009_Wednesday_heute-6549,112,21,4
30March_2010_Tuesday_heute-7566,141,41,4
27July_2010_Tuesday_heute-5270,87,21,7
12August_2009_Wednesday_tagesschau-1805,122,21,1
17May_2010_Monday_heute-5573,61,13,7
01August_2011_Monday_heute-4849,38,9,4
07December_2010_Tuesday_heute-5635,138,41,8
20January_2010_Wednesday_heute-802,220,41,8
08July_2010_Thursday_tagesschau-5386,181,41,4
29July_2010_Thursday_heute-7746,136,41,1
18October_2010_Monday_heute-622,193,41,3
25May_2010_Tuesday_tagesschau-1290,216,41,1
15February_2010_Monday_tagesschau-1847,129,41,0
09November_2010_Tuesday_heute-5839,216,41,4
25October_2010_Monday_heute-2052,44,13,4
31January_2011_Monday_tagesschau-669,178,41,7
04October_2010_Monday_tagesschau-4718,108,21,8
29August_2011_Monday_tagesschau-5718,160,41,5
21August_2010_Saturday_tagesschau-8816,111,21,9
26June_2010_Saturday_tagesschau-726,113,21,2
24May_2011_Tuesday_tagesschau-4471,59,13,6
10March_2011_Thursday_heute-60,48,13,6
11May_2010_Tuesday_heute-5988,196,41,4
11May_2011_Wednesday_tagesschau-7022,90,21,3
09August_2011_Tuesday_heute-2643,140,41,8
22December_2010_Wednesday_tagesschau-5072,105,21,7
21April_2010_Wednesday_tagesschau-6233,118,21,3
01December_2011_Thursday_tagesschau-3476,157,41,5
15April_2010_Thursday_tagesschau-5773,69,21,1
11February_2011_Friday_tagesschau-7753,100,21,0
02June_2010_Wednesday_tagesschau-7155,169,41,4
02October_2009_Friday_tagesschau-1359,113,21,2
15May_2010_Saturday_tagesschau-5663,70,21,7
07October_2012_Sunday_tagesschau-3027,140,41,2
22October_2010_Friday_tagesschau-2407,112,21,8
18November_2009_Wednesday_tagesschau-5588,46,13,4
26May_2010_Wednesday_heute-7873,158,41,8
10January_2010_Sunday_tagesschau-484,100,21,8
29March_2010_Monday_tagesschau-8385,67,21,6
13July_2009_Monday_tagesschau-7516,129,41,7
13August_2009_Thursday_tagesschau-8480,100,21,3
08February_2010_Monday_tagesschau-2804,142,41,5
04April_2011_Monday_heute-962,65,13,5
02September_2010_Thursday_tagesschau-8361,85,21,5
19May_2010_Wednesday_heute-1108,29,9,9
27April_2010_Tuesday_tagesschau-4517,150,41,2
20October_2010_Wednesday_tagesschau-8206,98,21,9
31May_2011_Tuesday_tagesschau-4302,120,21,7
23November_2011_Wednesday_tagesschau-981,117,21,5
11December_2009_Friday_tagesschau-3510,169,41,8
24January_2013_Thursday_tagesschau-6329,100,21,8
11February_2011_Friday_tagesschau-7751,110,21,9
23January_2013_Wednesday_tagesschau-428,157,41,9
10December_2009_Thursday_heute-7948,45,13,1
19November_2011_Saturday_tagesschau-3695,175,41,7
23September_2009_Wednesday_tagesschau-7584,198,41,4
31January_2010_Sunday_tagesschau-1331,132,41,5
26April_2010_Monday_tagesschau-7276,86,21,4
13September_2010_Monday_heute-7172,83,21,6
09July_2011_Saturday_tagesschau-3289,149,41,0
20August_2010_Friday_tagesschau-2726,107,21,7
30July_2010_Friday_tagesschau-1513,114,21,9
06March_2011_Sunday_tagesschau-3891,211,41,7
28December_2011_Wednesday_tagesschau-1910,90,21,5
10July_2009_Friday_tagesschau-1086,135,41,9
17January_2011_Monday_tagesschau-7009,156,41,2
07June_2010_Monday_tagesschau-1558,118,21,7
29June_2010_Tuesday_tagesschau-7701,115,21,9
30January_2013_Wednesday_tagesschau-465,95,21,6
01June_2011_Wednesday_heute-955,30,9,5
29December_2011_Thursday_tagesschau-2363,142,41,7
08April_2011_Friday_tagesschau-2072,61,13,1
19April_2010_Monday_heute-770,150,41,9
17May_2010_Monday_heute-5563,97,21,8
01April_2010_Thursday_tagesschau-4325,137,41,3
18November_2011_Friday_tagesschau-2144,133,41,4
10April_2011_Sunday_tagesschau-1526,62,13,7
25October_2010_Monday_tagesschau-14,96,21,5
02September_2010_Thursday_tagesschau-8362,102,21,9
22November_2011_Tuesday_heute-4645,237,41,7
19November_2009_Thursday_tagesschau-3784,219,41,3
15December_2010_Wednesday_tagesschau-47,52,13,5
08February_2010_Monday_tagesschau-2803,129,41,7
03July_2011_Sunday_tagesschau-1669,72,21,6
29January_2011_Saturday_tagesschau-8654,116,21,6
06December_2010_Monday_heute-6207,138,41,0
06December_2011_Tuesday_tagesschau-6845,138,41,8
11December_2010_Saturday_tagesschau-8663,171,41,8
20January_2011_Thursday_tagesschau-3075,104,21,1
24August_2010_Tuesday_heute-3011,98,21,1
15April_2010_Thursday_tagesschau-5772,91,21,5
07August_2009_Friday_tagesschau-6171,50,13,5
14February_2010_Sunday_tagesschau-3841,41,13,2
16December_2011_Friday_tagesschau-6528,46,13,4
03November_2009_Tuesday_tagesschau-8138,126,21,7
08November_2010_Monday_heute-6876,193,41,6
08October_2009_Thursday_tagesschau-5354,145,41,3
12December_2011_Monday_heute-5814,47,13,7
16June_2010_Wednesday_heute-8326,52,13,5
22September_2010_Wednesday_heute-2623,236,41,3
28July_2011_Thursday_tagesschau-8528,80,21,5
05October_2011_Wednesday_heute-1072,258,41,6
06July_2011_Wednesday_tagesschau-6862,102,21,6
11February_2011_Friday_tagesschau-7764,101,21,0
22July_2010_Thursday_tagesschau-8200,142,41,8
27May_2010_Thursday_tagesschau-8379,111,21,8
22April_2010_Thursday_tagesschau-3735,106,21,8
30March_2011_Wednesday_tagesschau-7126,129,41,9
04May_2010_Tuesday_heute-459,67,21,2
09July_2009_Thursday_tagesschau-7114,86,21,5
14December_2010_Tuesday_tagesschau-8460,103,21,4
08December_2009_Tuesday_heute-4209,64,13,7
05October_2011_Wednesday_heute-1077,68,21,4
26June_2010_Saturday_tagesschau-729,185,41,3
30July_2010_Friday_tagesschau-1521,151,41,9
20October_2010_Wednesday_heute-8505,72,21,6
02December_2010_Thursday_heute-8447,193,41,7
11July_2009_Saturday_tagesschau-659,101,21,0
29October_2009_Thursday_tagesschau-1023,103,21,8
11October_2010_Monday_tagesschau-4604,93,21,1
23March_2011_Wednesday_tagesschau-8757,123,21,0
10January_2011_Monday_heute-1370,92,21,7
14June_2010_Monday_heute-1602,179,41,6
01July_2009_Wednesday_tagesschau-4553,104,21,3
24July_2011_Sunday_tagesschau-6625,104,21,0
29July_2010_Thursday_heute-7748,82,21,1
09November_2010_Tuesday_heute-5831,70,21,1
15July_2009_Wednesday_tagesschau-5298,107,21,2
07November_2010_Sunday_tagesschau-1979,197,41,2
15September_2010_Wednesday_heute-2481,191,41,9
01September_2010_Wednesday_tagesschau-5042,131,41,6
22November_2011_Tuesday_heute-4648,208,41,7
01June_2010_Tuesday_heute-6615,90,21,0
21November_2011_Monday_tagesschau-2256,108,21,0
04May_2010_Tuesday_heute-457,265,41,2
03July_2009_Friday_tagesschau-2012,48,13,6
10May_2010_Monday_tagesschau-6853,85,21,0
12January_2010_Tuesday_tagesschau-2385,95,21,4
01June_2011_Wednesday_tagesschau-6953,105,21,7
08December_2009_Tuesday_tagesschau-1943,138,41,8
29May_2011_Sunday_tagesschau-755,101,21,5
02September_2010_Thursday_tagesschau-8365,208,41,4
16January_2010_Saturday_tagesschau-8081,73,21,7
26April_2010_Monday_heute-3408,94,21,2
21November_2010_Sunday_tagesschau-5666,113,21,0
24April_2010_Saturday_tagesschau-3965,141,41,6
24February_2011_Thursday_heute-6664,40,9,2
16February_2010_Tuesday_tagesschau-6097,39,9,3
23September_2009_Wednesday_tagesschau-7591,92,21,3
07December_2011_Wednesday_heute-7804,111,21,9
12July_2010_Monday_tagesschau-367,121,21,9
19November_2011_Saturday_tagesschau-3690,85,21,1
07December_2010_Tuesday_tagesschau-4144,101,21,4
02October_2012_Tuesday_tagesschau-2854,139,41,9
30March_2011_Wednesday_tagesschau-7134,70,21,0
17January_2011_Monday_tagesschau-7006,89,21,1
30June_2009_Tuesday_tagesschau-2945,231,41,7
28November_2011_Monday_heute-1580,74,21,0
24August_2010_Tuesday_tagesschau-2197,89,21,6
10January_2011_Monday_tagesschau-6406,130,41,9
08July_2011_Friday_tagesschau-6735,201,41,2
14August_2009_Friday_tagesschau-66,37,9,3
25February_2011_Friday_tagesschau-564,113,21,2
08July_2010_Thursday_tagesschau-5379,85,21,2
31January_2013_Thursday_tagesschau-2706,80,21,1
04October_2010_Monday_tagesschau-4719,165,41,7
02December_2010_Thursday_tagesschau-3642,116,21,3
07December_2010_Tuesday_tagesschau-4156,142,41,4
29September_2012_Saturday_tagesschau-2965,134,41,2
06September_2009_Sunday_tagesschau-5305,74,21,4
29September_2010_Wednesday_tagesschau-1789,120,21,2
02October_2012_Tuesday_heute-3499,140,41,8
18June_2010_Friday_tagesschau-4832,178,41,7
12November_2009_Thursday_tagesschau-6775,120,21,4
23October_2010_Saturday_tagesschau-887,105,21,4
29January_2013_Tuesday_tagesschau-881,159,41,7
01May_2010_Saturday_tagesschau-7193,121,21,2
05January_2011_Wednesday_tagesschau-2254,38,9,6
08December_2009_Tuesday_heute-4203,86,21,4
28September_2012_Friday_tagesschau-924,120,21,5
26August_2010_Thursday_tagesschau-4272,104,21,6
14May_2010_Friday_tagesschau-4801,127,21,4
06October_2012_Saturday_tagesschau-8737,44,13,9
10August_2010_Tuesday_heute-1450,79,21,4
21November_2010_Sunday_tagesschau-5674,99,21,3
28January_2013_Monday_heute-8000,167,41,8
17July_2009_Friday_tagesschau-5112,114,21,4
13July_2011_Wednesday_tagesschau-7985,71,21,3
07February_2010_Sunday_tagesschau-497,79,21,2
07December_2011_Wednesday_heute-7802,36,9,9
15December_2010_Wednesday_heute-6016,144,41,7
23October_2010_Saturday_tagesschau-889,128,21,4
22July_2009_Wednesday_tagesschau-2871,77,21,2
24September_2009_Thursday_heute-6074,66,21,7
13August_2011_Saturday_tagesschau-1408,168,41,1
03February_2011_Thursday_tagesschau-929,41,13,3
07September_2010_Tuesday_tagesschau-1956,110,21,4
26August_2009_Wednesday_heute-6541,49,13,1
17February_2011_Thursday_heute-384,86,21,8
29August_2011_Monday_tagesschau-5709,159,41,5
08January_2010_Friday_tagesschau-3983,108,21,6
15July_2011_Friday_tagesschau-8718,146,41,2
31July_2010_Saturday_tagesschau-2492,135,41,8
16December_2009_Wednesday_tagesschau-5911,154,41,5
11January_2011_Tuesday_tagesschau-8025,62,13,7
06October_2009_Tuesday_tagesschau-8164,106,21,7
12January_2011_Wednesday_tagesschau-1725,121,21,7
02December_2009_Wednesday_tagesschau-4050,87,21,5
18February_2011_Friday_tagesschau-6828,35,9,3
27April_2010_Tuesday_heute-1036,103,21,2
27May_2010_Thursday_heute-1226,160,41,6
27April_2010_Tuesday_tagesschau-4511,195,41,9
08December_2009_Tuesday_tagesschau-1944,69,21,2
24February_2011_Thursday_heute-6670,92,21,7
09August_2011_Tuesday_tagesschau-2584,147,41,2
29June_2011_Wednesday_tagesschau-4491,134,41,9
09September_2010_Thursday_tagesschau-4368,131,41,2
06August_2010_Friday_tagesschau-2174,102,21,2
11May_2010_Tuesday_tagesschau-1970,117,21,8
01December_2011_Thursday_tagesschau-3468,117,21,1
10December_2009_Thursday_tagesschau-7487,46,13,8
09August_2011_Tuesday_heute-2647,244,41,3
12May_2010_Wednesday_tagesschau-320,106,21,5
27July_2010_Tuesday_heute-5271,98,21,9
31October_2009_Saturday_tagesschau-7142,86,21,0
29July_2010_Thursday_tagesschau-7412,95,21,7
22February_2011_Tuesday_tagesschau-8409,150,41,5
31May_2011_Tuesday_heute-1905,309,41,8
29March_2011_Tuesday_tagesschau-8115,48,13,9
16November_2009_Monday_tagesschau-3102,147,41,5
16December_2009_Wednesday_tagesschau-5917,108,21,2
06July_2009_Monday_tagesschau-2107,134,41,9
30January_2013_Wednesday_tagesschau-474,123,21,3
08April_2010_Thursday_tagesschau-3956,135,41,6
06July_2010_Tuesday_tagesschau-2662,36,9,2
28April_2010_Wednesday_heute-5183,92,21,6
09February_2011_Wednesday_heute-7540,188,41,3
09December_2009_Wednesday_heute-4738,40,9,5
03November_2009_Tuesday_tagesschau-8139,151,41,4
03February_2011_Thursday_tagesschau-930,84,21,1
20March_2010_Saturday_heute-7294,36,9,7
05April_2010_Monday_tagesschau-3551,39,9,8
24August_2010_Tuesday_tagesschau-2199,73,21,5
02February_2011_Wednesday_tagesschau-7441,115,21,9
24January_2011_Monday_heute-6985,76,21,5
03June_2010_Thursday_tagesschau-2627,99,21,1
17February_2010_Wednesday_heute-1483,112,21,6
29November_2011_Tuesday_tagesschau-5616,94,21,8
01June_2011_Wednesday_tagesschau-6949,128,21,0
12December_2011_Monday_heute-5807,168,41,1
22July_2010_Thursday_tagesschau-8196,123,21,9
20November_2009_Friday_tagesschau-6568,79,21,1
11February_2011_Friday_tagesschau-7758,81,21,8
09December_2009_Wednesday_heute-4740,113,21,2
26January_2013_Saturday_tagesschau-7353,131,41,9
26May_2011_Thursday_tagesschau-4785,84,21,9
14October_2009_Wednesday_tagesschau-522,82,21,2
06January_2010_Wednesday_heute-3526,105,21,5
15February_2011_Tuesday_tagesschau-7478,122,21,4
28January_2010_Thursday_tagesschau-2810,120,21,4
25January_2013_Friday_tagesschau-7821,97,21,1
21March_2011_Monday_tagesschau-4418,167,41,9
31May_2011_Tuesday_heute-1898,277,41,8
04January_2011_Tuesday_tagesschau-1060,153,41,7
18May_2010_Tuesday_heute-3362,204,41,9
17September_2010_Friday_tagesschau-3411,107,21,6
23July_2009_Thursday_tagesschau-6757,135,41,4
06May_2011_Friday_tagesschau-6430,77,21,2
01August_2011_Monday_heute-4852,93,21,5
06April_2010_Tuesday_tagesschau-311,184,41,2
02November_2010_Tuesday_heute-2745,127,21,0
06December_2010_Monday_heute-6199,72,21,7
14April_2010_Wednesday_tagesschau-3816,75,21,7
30July_2010_Friday_tagesschau-1519,152,41,3
28November_2011_Monday_heute-1581,132,41,4
10August_2010_Tuesday_tagesschau-3866,110,21,3
16June_2010_Wednesday_heute-8319,175,41,5
26January_2010_Tuesday_heute-90,54,13,6
10December_2009_Thursday_heute-7939,138,41,4
27June_2010_Sunday_tagesschau-7385,142,41,9
12July_2009_Sunday_tagesschau-2576,91,21,9
05August_2010_Thursday_tagesschau-4262,130,41,3
01June_2010_Tuesday_tagesschau-5003,95,21,5
24February_2011_Thursday_heute-6679,54,13,4
28July_2010_Wednesday_tagesschau-870,118,21,1
04December_2011_Sunday_tagesschau-7794,63,13,1
29April_2010_Thursday_heute-8621,131,41,6
23October_2010_Saturday_tagesschau-899,88,21,5
10July_2009_Friday_tagesschau-1084,160,41,0
23January_2011_Sunday_tagesschau-7833,110,21,3
15October_2009_Thursday_tagesschau-7723,158,41,5
09May_2011_Monday_tagesschau-8584,175,41,4
20September_2010_Monday_tagesschau-7027,113,21,4
22December_2010_Wednesday_tagesschau-5071,105,21,9
18June_2010_Friday_tagesschau-4831,100,21,0
28November_2010_Sunday_tagesschau-2441,99,21,6
06January_2011_Thursday_tagesschau-5645,81,21,1
06October_2009_Tuesday_tagesschau-8161,114,21,5
02February_2010_Tuesday_tagesschau-7957,113,21,5
24November_2011_Thursday_heute-226,177,41,2
02October_2012_Tuesday_tagesschau-2855,82,21,6
05July_2010_Monday_tagesschau-1195,83,21,5
27May_2010_Thursday_tagesschau-8375,114,21,8
07May_2010_Friday_tagesschau-3609,94,21,1
06October_2011_Thursday_tagesschau-830,71,21,2
01October_2012_Monday_heute-436,43,13,6
21November_2009_Saturday_tagesschau-4900,142,41,0
31August_2010_Tuesday_tagesschau-5179,115,21,3
25November_2009_Wednesday_tagesschau-7669,99,21,3
06December_2009_Sunday_tagesschau-5514,173,41,7
08November_2010_Monday_heute-6884,187,41,8
08June_2010_Tuesday_heute-1992,54,13,8
02February_2010_Tuesday_tagesschau-7955,84,21,4
10August_2010_Tuesday_heute-1443,65,13,7
04December_2010_Saturday_tagesschau-4841,67,21,4
20October_2010_Wednesday_tagesschau-8219,76,21,4
30July_2011_Saturday_tagesschau-8594,76,21,2
23February_2011_Wednesday_heute-3778,87,21,6
20November_2011_Sunday_tagesschau-533,116,21,7
19July_2009_Sunday_tagesschau-1574,152,41,2
14October_2010_Thursday_heute-2187,227,41,9
22March_2011_Tuesday_tagesschau-4962,147,41,1
24February_2011_Thursday_heute-6667,100,21,0
02March_2011_Wednesday_tagesschau-4712,187,41,0
30August_2011_Tuesday_heute-793,67,21,7
03March_2011_Thursday_tagesschau-7053,83,21,5
24November_2011_Thursday_heute-227,275,41,2
04October_2012_Thursday_tagesschau-4927,67,21,6
06April_2010_Tuesday_heute-5978,101,21,3
31January_2011_Monday_tagesschau-678,116,21,0
22July_2010_Thursday_heute-8799,56,13,9
05January_2011_Wednesday_heute-3538,112,21,0
13May_2010_Thursday_tagesschau-7919,35,9,2
08December_2009_Tuesday_tagesschau-1942,152,41,5
30May_2011_Monday_heute-3672,53,13,1
07December_2010_Tuesday_heute-5637,169,41,0
01August_2011_Monday_heute-4866,88,21,7
25July_2011_Monday_heute-8224,112,21,1
09December_2009_Wednesday_heute-4745,185,41,4
04April_2010_Sunday_tagesschau-4571,123,21,5
20October_2010_Wednesday_heute-8500,249,41,4
24February_2011_Thursday_heute-6671,119,21,2
29July_2010_Thursday_heute-7738,56,13,7
02September_2010_Thursday_heute-3459,127,21,0
11January_2011_Tuesday_tagesschau-8024,93,21,7
29June_2011_Wednesday_tagesschau-4492,128,21,8
08April_2010_Thursday_heute-4006,83,21,1
06July_2009_Monday_tagesschau-2100,78,21,3
18April_2010_Sunday_tagesschau-6661,136,41,6
08June_2010_Tuesday_heute-1999,39,9,3
05October_2011_Wednesday_heute-1082,33,9,7
23July_2009_Thursday_tagesschau-6760,92,21,1
20January_2011_Thursday_tagesschau-3073,119,21,7
08June_2010_Tuesday_heute-1998,88,21,8
04December_2010_Saturday_tagesschau-4836,182,41,1
03July_2011_Sunday_tagesschau-1666,162,41,9
25August_2009_Tuesday_heute-3309,86,21,4
29May_2011_Sunday_tagesschau-758,102,21,4
01December_2011_Thursday_heute-3056,224,41,9
02February_2010_Tuesday_tagesschau-7954,239,41,2
24February_2011_Thursday_heute-6678,55,13,4
02February_2011_Wednesday_tagesschau-7442,63,13,9
03February_2011_Thursday_tagesschau-932,128,21,6
25October_2010_Monday_heute-2043,153,41,5
03July_2010_Saturday_tagesschau-4580,137,41,7
01June_2010_Tuesday_heute-6609,205,41,9
03March_2011_Thursday_tagesschau-7059,82,21,3
10March_2011_Thursday_tagesschau-5082,105,21,1
14April_2010_Wednesday_heute-1885,174,41,4
23November_2011_Wednesday_heute-2401,181,41,0
18January_2010_Monday_tagesschau-4026,31,9,8
02October_2012_Tuesday_heute-3502,33,9,5
23February_2011_Wednesday_heute-3774,227,41,9
12January_2010_Tuesday_tagesschau-2387,95,21,7
25January_2010_Monday_heute-1465,156,41,7
01July_2010_Thursday_tagesschau-8793,100,21,6
28January_2013_Monday_tagesschau-3622,62,13,3
29November_2009_Sunday_tagesschau-7052,165,41,7
13March_2011_Sunday_tagesschau-4465,150,41,9
03February_2011_Thursday_heute-610,61,13,3
23November_2011_Wednesday_tagesschau-974,118,21,3
20January_2010_Wednesday_heute-815,50,13,8
24August_2010_Tuesday_heute-3013,91,21,5
20April_2011_Wednesday_tagesschau-3090,179,41,5
12September_2010_Sunday_tagesschau-3910,102,21,8
10April_2010_Saturday_tagesschau-4141,155,41,0
03July_2009_Friday_tagesschau-2005,98,21,6
15February_2010_Monday_tagesschau-1846,106,21,7
26July_2010_Monday_tagesschau-6259,121,21,5
20November_2009_Friday_tagesschau-6564,72,21,6
28November_2011_Monday_tagesschau-171,116,21,0
06March_2011_Sunday_tagesschau-3896,91,21,6
01October_2012_Monday_tagesschau-5371,122,21,3
21October_2010_Thursday_tagesschau-1815,126,21,4
14June_2010_Monday_heute-1601,83,21,0
22September_2010_Wednesday_tagesschau-3259,37,9,9
10August_2009_Monday_heute-6907,33,9,1
06October_2009_Tuesday_tagesschau-8160,189,41,0
01December_2011_Thursday_tagesschau-3479,38,9,4
04July_2011_Monday_heute-6448,200,41,6
30November_2009_Monday_tagesschau-5747,168,41,6
28May_2010_Friday_tagesschau-7503,99,21,6
05April_2011_Tuesday_tagesschau-6415,80,21,9
15February_2011_Tuesday_tagesschau-7475,72,21,2
12April_2010_Monday_heute-7686,231,41,1
12July_2010_Monday_tagesschau-368,109,21,7
09July_2010_Friday_tagesschau-588,109,21,9
29October_2009_Thursday_tagesschau-1016,94,21,5
10January_2010_Sunday_tagesschau-485,100,21,2
11May_2011_Wednesday_tagesschau-7013,172,41,1
26March_2011_Saturday_tagesschau-5721,127,21,1
22November_2011_Tuesday_tagesschau-3658,86,21,1
09June_2010_Wednesday_tagesschau-5968,105,21,7
09June_2010_Wednesday_heute-8257,203,41,6
30November_2009_Monday_tagesschau-5754,100,21,1
26September_2010_Sunday_tagesschau-5941,131,41,2
22November_2011_Tuesday_tagesschau-3657,182,41,5
29September_2011_Thursday_heute-4231,183,41,4
10April_2010_Saturday_tagesschau-4131,108,21,3
20September_2010_Monday_tagesschau-7028,209,41,2
28November_2010_Sunday_tagesschau-2437,242,41,8
22March_2011_Tuesday_tagesschau-4959,114,21,3
03February_2011_Thursday_heute-612,52,13,5
27July_2010_Tuesday_heute-5266,55,13,3
15September_2010_Wednesday_heute-2473,110,21,4
07February_2011_Monday_tagesschau-1614,128,21,1
08October_2009_Thursday_tagesschau-5347,91,21,5
20October_2010_Wednesday_tagesschau-8218,129,41,9
20September_2010_Monday_tagesschau-7037,168,41,5
06December_2011_Tuesday_heute-1542,90,21,9
06May_2010_Thursday_heute-1053,266,41,3
23July_2011_Saturday_tagesschau-5502,107,21,9
27February_2010_Saturday_tagesschau-7769,184,41,9
14April_2010_Wednesday_heute-1883,109,21,3
06December_2011_Tuesday_tagesschau-6841,92,21,6
16January_2010_Saturday_tagesschau-8071,205,41,5
15October_2009_Thursday_tagesschau-7711,82,21,6
05March_2011_Saturday_tagesschau-5446,96,21,1
29September_2010_Wednesday_heute-5454,366,41,4
10February_2010_Wednesday_tagesschau-2517,87,21,8
26October_2010_Tuesday_tagesschau-5793,126,21,6
30September_2012_Sunday_tagesschau-4031,173,41,3
15March_2011_Tuesday_tagesschau-3321,88,21,7
08April_2010_Thursday_tagesschau-3953,62,13,8
07August_2009_Friday_tagesschau-6177,43,13,4
18January_2010_Monday_heute-3854,147,41,4
15March_2011_Tuesday_tagesschau-3333,170,41,6
03July_2010_Saturday_tagesschau-4579,127,21,3
25February_2011_Friday_tagesschau-573,176,41,0
31August_2010_Tuesday_tagesschau-5177,89,21,3
11January_2011_Tuesday_heute-8174,80,21,8
23February_2010_Tuesday_heute-6254,59,13,6
15July_2010_Thursday_tagesschau-4061,51,13,7
26August_2009_Wednesday_heute-6556,105,21,5
28September_2012_Friday_tagesschau-925,130,41,8
02October_2012_Tuesday_heute-3491,48,13,6
15July_2009_Wednesday_tagesschau-5297,152,41,1
05November_2010_Friday_tagesschau-1866,119,21,0
05September_2010_Sunday_tagesschau-3125,117,21,4
03July_2011_Sunday_tagesschau-1668,169,41,0
23January_2013_Wednesday_tagesschau-423,114,21,5
22July_2010_Thursday_heute-8802,192,41,3
16September_2010_Thursday_tagesschau-6273,131,41,3
30August_2011_Tuesday_heute-791,99,21,7
27January_2013_Sunday_tagesschau-8831,115,21,7
28May_2010_Friday_tagesschau-7498,207,41,7
25September_2010_Saturday_tagesschau-3486,172,41,4
03July_2011_Sunday_tagesschau-1671,122,21,9
28April_2010_Wednesday_heute-5181,39,9,7
01November_2010_Monday_heute-1705,49,13,9
13August_2011_Saturday_tagesschau-1416,69,21,2
12January_2011_Wednesday_heute-6383,52,13,1
03April_2010_Saturday_tagesschau-2981,140,41,6
14December_2009_Monday_tagesschau-2096,73,21,1
13September_2010_Monday_heute-7181,170,41,7
02February_2010_Tuesday_tagesschau-7951,72,21,3
06May_2011_Friday_tagesschau-6433,199,41,8
05May_2011_Thursday_heute-3740,109,21,2
02October_2010_Saturday_tagesschau-1305,210,41,3
04October_2012_Thursday_tagesschau-4914,160,41,1
17May_2010_Monday_heute-5564,110,21,0
20October_2010_Wednesday_tagesschau-8212,35,9,8
27November_2011_Sunday_tagesschau-5140,89,21,9
02September_2010_Thursday_heute-3464,101,21,3
07April_2011_Thursday_tagesschau-8097,153,41,8
26March_2011_Saturday_tagesschau-5723,139,41,1
27May_2010_Thursday_tagesschau-8376,137,41,1
13July_2010_Tuesday_heute-4812,137,41,9
15November_2009_Sunday_tagesschau-1423,160,41,1
18January_2010_Monday_tagesschau-4025,138,41,4
18January_2011_Tuesday_heute-5476,89,21,0
04October_2012_Thursday_tagesschau-4924,117,21,6
20September_2010_Monday_heute-2942,55,13,3
04October_2012_Thursday_tagesschau-4913,79,21,7
22November_2009_Sunday_tagesschau-5484,164,41,4
14July_2010_Wednesday_tagesschau-1856,152,41,0
07January_2010_Thursday_tagesschau-2296,198,41,0
09December_2011_Friday_tagesschau-8438,126,21,8
02October_2010_Saturday_tagesschau-1309,103,21,4
15October_2009_Thursday_tagesschau-7709,82,21,2
09November_2010_Tuesday_tagesschau-748,260,41,1
02October_2010_Saturday_tagesschau-1310,60,13,3
27June_2010_Sunday_tagesschau-7384,97,21,9
11November_2010_Thursday_tagesschau-3563,63,13,4
16January_2010_Saturday_tagesschau-8079,199,41,9
31May_2011_Tuesday_heute-1903,236,41,8
26August_2009_Wednesday_tagesschau-3215,174,41,9
28August_2009_Friday_tagesschau-5885,110,21,9
09November_2010_Tuesday_heute-5838,129,41,2
19May_2010_Wednesday_heute-1117,91,21,7
05December_2011_Monday_heute-7433,124,21,4
03June_2011_Friday_tagesschau-7640,85,21,5
08November_2010_Monday_tagesschau-6924,129,41,2
06January_2010_Wednesday_heute-3527,151,41,1
31January_2010_Sunday_tagesschau-1328,56,13,9
23February_2010_Tuesday_heute-6239,43,13,9
16November_2009_Monday_tagesschau-3093,95,21,5
29April_2010_Thursday_tagesschau-4876,124,21,9
26January_2013_Saturday_tagesschau-7356,65,13,6
23September_2010_Thursday_heute-6472,77,21,3
27November_2011_Sunday_tagesschau-5144,125,21,6
28October_2010_Thursday_heute-338,94,21,1
24January_2010_Sunday_tagesschau-8705,108,21,5
09November_2010_Tuesday_heute-5832,92,21,9
19March_2011_Saturday_tagesschau-4691,53,13,6
21November_2011_Monday_tagesschau-2262,110,21,3
26July_2010_Monday_tagesschau-6260,97,21,3
27August_2010_Friday_tagesschau-5163,147,41,1
23October_2010_Saturday_tagesschau-892,56,13,5
16February_2010_Tuesday_tagesschau-6100,195,41,6
05July_2010_Monday_heute-8694,204,41,7
31August_2010_Tuesday_heute-3178,280,41,0
14June_2010_Monday_heute-1599,78,21,3
17May_2010_Monday_heute-5571,92,21,9
23April_2010_Friday_tagesschau-3659,131,41,7
12January_2011_Wednesday_heute-6388,108,21,5
20August_2010_Friday_tagesschau-2725,126,21,6
25November_2010_Thursday_tagesschau-2526,144,41,9
14October_2010_Thursday_tagesschau-293,120,21,7
24October_2009_Saturday_tagesschau-4291,159,41,0
02October_2009_Friday_tagesschau-1361,129,41,6
28October_2010_Thursday_heute-325,32,9,7
01August_2011_Monday_heute-4872,39,9,1
03February_2011_Thursday_heute-608,63,13,1
27November_2009_Friday_tagesschau-7332,159,41,1
17February_2010_Wednesday_heute-1481,196,41,2
29May_2010_Saturday_tagesschau-8420,109,21,8
08February_2010_Monday_heute-1495,51,13,0
05December_2011_Monday_heute-7439,115,21,7
29April_2010_Thursday_heute-8620,148,41,1
02December_2010_Thursday_tagesschau-3639,94,21,6
03July_2009_Friday_tagesschau-2001,159,41,9
29September_2011_Thursday_heute-4232,146,41,7
25August_2010_Wednesday_heute-6007,197,41,1
23May_2011_Monday_heute-6465,117,21,8
07December_2010_Tuesday_heute-5625,49,13,8
04April_2011_Monday_heute-971,189,41,5
03November_2010_Wednesday_tagesschau-6499,155,41,1
28October_2009_Wednesday_tagesschau-4547,85,21,5
22July_2010_Thursday_heute-8800,98,21,6
12November_2009_Thursday_tagesschau-6768,87,21,5
04August_2011_Thursday_tagesschau-717,199,41,3
23August_2010_Monday_heute-5315,37,9,8
10December_2009_Thursday_heute-7937,186,41,9
18December_2010_Saturday_tagesschau-6131,85,21,6
04April_2011_Monday_heute-963,192,41,0
12January_2011_Wednesday_heute-6397,99,21,4
31January_2010_Sunday_tagesschau-1326,172,41,5
28November_2011_Monday_heute-1593,33,9,2
09August_2011_Tuesday_heute-2641,475,41,2
13May_2010_Thursday_tagesschau-7928,96,21,4
12July_2010_Monday_heute-247,132,41,4
03July_2010_Saturday_tagesschau-4588,148,41,6
23August_2010_Monday_tagesschau-4436,139,41,8
13April_2011_Wednesday_tagesschau-1676,97,21,0
05April_2010_Monday_tagesschau-3552,145,41,5
23July_2010_Friday_tagesschau-581,35,9,0
21November_2009_Saturday_tagesschau-4902,119,21,3
13August_2009_Thursday_tagesschau-8484,39,9,7
28January_2010_Thursday_heute-2898,57,13,1
24January_2013_Thursday_tagesschau-6325,188,41,7
04July_2011_Monday_heute-6451,208,41,4
20October_2010_Wednesday_tagesschau-8211,49,13,5
06December_2011_Tuesday_tagesschau-6847,101,21,6
23January_2011_Sunday_tagesschau-7826,175,41,6
29November_2011_Tuesday_heute-8087,261,41,7
29September_2011_Thursday_heute-4223,46,13,7
29September_2010_Wednesday_tagesschau-1790,99,21,0
17February_2010_Wednesday_tagesschau-4939,127,21,3
12July_2011_Tuesday_heute-1275,156,41,1
11January_2011_Tuesday_heute-8179,70,21,7
28September_2010_Tuesday_heute-8346,137,41,4
07April_2010_Wednesday_heute-1628,127,21,3
12January_2010_Tuesday_heute-2553,30,9,4
29August_2011_Monday_tagesschau-5717,119,21,1
17October_2009_Saturday_tagesschau-2130,80,21,3
23October_2010_Saturday_tagesschau-890,129,41,1
05January_2010_Tuesday_tagesschau-2675,130,41,6
04April_2011_Monday_heute-967,81,21,5
05May_2010_Wednesday_tagesschau-3347,103,21,9
04May_2011_Wednesday_heute-3999,38,9,5
30April_2010_Friday_tagesschau-2024,96,21,1
22August_2010_Sunday_tagesschau-1339,194,41,2
11January_2011_Tuesday_heute-8177,103,21,4
17February_2010_Wednesday_heute-1488,65,13,1
14July_2011_Thursday_heute-5868,38,9,1
21May_2010_Friday_tagesschau-5100,90,21,7
11August_2011_Thursday_heute-3191,187,41,5
22August_2010_Sunday_tagesschau-1342,72,21,4
22November_2009_Sunday_tagesschau-5482,76,21,1
30January_2010_Saturday_tagesschau-1701,117,21,4
26May_2010_Wednesday_heute-7868,120,21,7
18November_2009_Wednesday_tagesschau-5580,150,41,9
21June_2011_Tuesday_tagesschau-1261,85,21,5
29September_2011_Thursday_tagesschau-7228,155,41,1
25May_2010_Tuesday_heute-3754,84,21,0
11July_2011_Monday_tagesschau-851,97,21,4
06March_2011_Sunday_tagesschau-3889,150,41,1
11October_2010_Monday_tagesschau-4610,174,41,9
01April_2010_Thursday_heute-6703,129,41,2
16April_2010_Friday_tagesschau-6582,161,41,7
16January_2010_Saturday_tagesschau-8076,130,41,9
21May_2010_Friday_tagesschau-5095,117,21,5
18October_2010_Monday_heute-627,69,21,5
11November_2009_Wednesday_tagesschau-8035,65,13,9
18January_2010_Monday_heute-3857,66,21,4
05July_2010_Monday_tagesschau-1197,67,21,4
03February_2010_Wednesday_heute-2357,287,41,5
05March_2011_Saturday_tagesschau-5441,182,41,9
03July_2010_Saturday_tagesschau-4587,134,41,0
11May_2011_Wednesday_tagesschau-7015,171,41,0
16November_2009_Monday_tagesschau-3099,148,41,5
26August_2010_Thursday_tagesschau-4271,200,41,0
13September_2010_Monday_tagesschau-4602,114,21,6
12February_2010_Friday_tagesschau-120,108,21,6
12December_2011_Monday_heute-5799,47,13,4
30January_2011_Sunday_tagesschau-6357,91,21,0
21October_2010_Thursday_tagesschau-1819,100,21,4
03August_2010_Tuesday_heute-7610,177,41,4
14July_2010_Wednesday_heute-6196,82,21,9
19April_2011_Tuesday_heute-5344,37,9,5
24June_2010_Thursday_tagesschau-7303,132,41,2
26August_2009_Wednesday_tagesschau-3223,141,41,8
19August_2010_Thursday_tagesschau-992,140,41,9
05January_2011_Wednesday_heute-3542,115,21,4
24January_2011_Monday_heute-6976,178,41,9
23February_2010_Tuesday_tagesschau-191,59,13,0
27August_2009_Thursday_tagesschau-3273,39,9,5
26September_2010_Sunday_tagesschau-5937,93,21,0
15July_2011_Friday_tagesschau-8725,108,21,1
16April_2010_Friday_tagesschau-6585,78,21,5
04May_2011_Wednesday_heute-3990,145,41,7
16June_2010_Wednesday_heute-8327,55,13,2
03November_2009_Tuesday_tagesschau-8134,116,21,1
01April_2010_Thursday_tagesschau-4324,107,21,3
27February_2011_Sunday_tagesschau-6113,103,21,2
04July_2011_Monday_tagesschau-702,92,21,1
05July_2010_Monday_tagesschau-1206,77,21,3
31May_2011_Tuesday_heute-1902,113,21,5
25August_2010_Wednesday_heute-5997,55,13,6
29November_2011_Tuesday_tagesschau-5617,106,21,4
14June_2010_Monday_tagesschau-3701,157,41,2
19April_2011_Tuesday_heute-5335,117,21,9
09December_2010_Thursday_heute-7557,70,21,6
22November_2009_Sunday_tagesschau-5493,111,21,6
03October_2010_Sunday_tagesschau-5764,95,21,3
13July_2010_Tuesday_heute-4816,98,21,0
13September_2010_Monday_tagesschau-4601,141,41,8
16June_2010_Wednesday_tagesschau-8150,146,41,5
15June_2010_Tuesday_tagesschau-86,118,21,8
18February_2011_Friday_tagesschau-6831,141,41,4
04January_2010_Monday_heute-7400,158,41,8
01September_2010_Wednesday_tagesschau-5033,91,21,0
10August_2011_Wednesday_tagesschau-6294,164,41,2
01November_2010_Monday_heute-1716,92,21,8
05October_2010_Tuesday_heute-1208,41,13,3
03December_2011_Saturday_tagesschau-8675,65,13,1
05July_2011_Tuesday_tagesschau-6142,66,21,4
23April_2010_Friday_tagesschau-3666,70,21,2
03October_2010_Sunday_tagesschau-5771,72,21,0
01February_2011_Tuesday_tagesschau-4971,136,41,1
27November_2009_Friday_tagesschau-7335,91,21,1
09January_2010_Saturday_tagesschau-1932,65,13,4
21April_2010_Wednesday_heute-3113,58,13,8
27August_2009_Thursday_tagesschau-3274,86,21,1
30March_2010_Tuesday_tagesschau-5695,50,13,8
07October_2010_Thursday_tagesschau-4124,61,13,2
27January_2013_Sunday_tagesschau-8840,58,13,3
19April_2010_Monday_tagesschau-1384,94,21,6
29January_2013_Tuesday_tagesschau-873,111,21,9
23February_2011_Wednesday_heute-3769,141,41,9
19July_2009_Sunday_tagesschau-1571,133,41,0
10August_2010_Tuesday_heute-1448,77,21,8
05February_2011_Saturday_tagesschau-7853,152,41,1
10April_2010_Saturday_tagesschau-4136,140,41,5
28November_2011_Monday_heute-1588,155,41,7
31January_2011_Monday_heute-3049,44,13,5
16June_2010_Wednesday_heute-8321,68,21,5
01November_2010_Monday_heute-1707,51,13,3
13August_2011_Saturday_tagesschau-1413,208,41,5
09June_2010_Wednesday_heute-8263,74,21,0
04July_2011_Monday_heute-6443,57,13,9
31March_2010_Wednesday_tagesschau-1004,94,21,7
16June_2010_Wednesday_heute-8317,204,41,9
19January_2011_Wednesday_heute-2685,191,41,4
11February_2010_Thursday_tagesschau-8767,180,41,3
19October_2009_Monday_tagesschau-230,127,21,3
27June_2011_Monday_heute-2463,168,41,8
02October_2009_Friday_tagesschau-1357,170,41,6
08April_2010_Thursday_heute-4013,38,9,2
28October_2009_Wednesday_tagesschau-4538,164,41,8
25May_2010_Tuesday_tagesschau-1297,71,21,3
20May_2010_Thursday_tagesschau-3154,110,21,5
10January_2011_Monday_tagesschau-6413,87,21,0
25August_2009_Tuesday_heute-3310,150,41,5
24January_2013_Thursday_heute-7263,66,21,5
27July_2010_Tuesday_heute-5265,154,41,3
14February_2010_Sunday_tagesschau-3842,139,41,6
03December_2011_Saturday_tagesschau-8682,112,21,0
25January_2013_Friday_tagesschau-7819,109,21,5
27April_2010_Tuesday_tagesschau-4505,107,21,5
24July_2011_Sunday_tagesschau-6624,147,41,0
24August_2009_Monday_heute-6650,67,21,0
04March_2011_Friday_tagesschau-2834,149,41,0
23September_2010_Thursday_heute-6485,45,13,0
14September_2010_Tuesday_tagesschau-5219,156,41,4
27October_2010_Wednesday_tagesschau-7467,112,21,0
06October_2011_Thursday_tagesschau-831,84,21,1
11August_2009_Tuesday_tagesschau-4350,124,21,2
14August_2009_Friday_tagesschau-67,62,13,2
20November_2011_Sunday_tagesschau-545,107,21,9
18January_2010_Monday_tagesschau-4014,97,21,7
06November_2010_Saturday_tagesschau-1165,201,41,9
21July_2010_Wednesday_tagesschau-7380,124,21,5
03December_2011_Saturday_tagesschau-8680,151,41,7
30January_2013_Wednesday_tagesschau-463,112,21,1
30March_2010_Tuesday_tagesschau-5696,102,21,6
27May_2010_Thursday_tagesschau-8372,92,21,7
26January_2013_Saturday_tagesschau-7350,59,13,5
23February_2010_Tuesday_heute-6251,137,41,4
26June_2010_Saturday_tagesschau-730,80,21,3
12July_2009_Sunday_tagesschau-2578,164,41,2
29August_2009_Saturday_tagesschau-5029,72,21,2
25November_2009_Wednesday_tagesschau-7670,74,21,3
24January_2013_Thursday_heute-7267,88,21,4
05February_2011_Saturday_tagesschau-7852,131,41,5
20October_2010_Wednesday_heute-8495,132,41,9
13December_2009_Sunday_tagesschau-6811,106,21,9
29June_2011_Wednesday_tagesschau-4483,115,21,4
23February_2011_Wednesday_tagesschau-148,182,41,8
05May_2010_Wednesday_tagesschau-3350,123,21,2
26May_2011_Thursday_tagesschau-4795,69,21,4
25January_2011_Tuesday_tagesschau-2985,145,41,4
25February_2010_Thursday_tagesschau-1759,189,41,0
30April_2010_Friday_tagesschau-2021,115,21,8
28November_2011_Monday_heute-1583,88,21,1
24February_2011_Thursday_heute-6665,112,21,7
01April_2010_Thursday_heute-6700,164,41,4
27June_2010_Sunday_tagesschau-7389,130,41,0
04December_2009_Friday_tagesschau-842,120,21,7
19April_2011_Tuesday_heute-5338,81,21,5
23May_2011_Monday_tagesschau-1102,126,21,1
22July_2010_Thursday_heute-8803,183,41,0
22January_2010_Friday_tagesschau-912,166,41,5
28February_2011_Monday_tagesschau-4977,104,21,1
05May_2010_Wednesday_tagesschau-3354,59,13,4
14June_2010_Monday_heute-1605,103,21,8
28August_2010_Saturday_tagesschau-8191,120,21,9
22January_2010_Friday_tagesschau-902,150,41,0
05September_2010_Sunday_tagesschau-3137,46,13,2
01October_2009_Thursday_tagesschau-418,95,21,3
31May_2011_Tuesday_tagesschau-4297,178,41,4
25November_2011_Friday_tagesschau-4400,88,21,8
09December_2010_Thursday_heute-7559,156,41,0
01September_2010_Wednesday_tagesschau-5037,122,21,0
22October_2009_Thursday_tagesschau-1133,96,21,0
18October_2010_Monday_tagesschau-6747,104,21,8
06January_2011_Thursday_tagesschau-5647,178,41,8
22January_2010_Friday_tagesschau-908,140,41,6
28July_2011_Thursday_tagesschau-8519,143,41,4
11July_2011_Monday_tagesschau-854,85,21,5
12July_2010_Monday_heute-253,95,21,3
14August_2011_Sunday_tagesschau-3228,90,21,1
25November_2010_Thursday_tagesschau-2525,85,21,1
25January_2010_Monday_tagesschau-8299,165,41,8
25January_2011_Tuesday_tagesschau-2987,142,41,5
30August_2010_Monday_tagesschau-2822,89,21,3
22May_2010_Saturday_tagesschau-2734,218,41,3
04July_2009_Saturday_tagesschau-3346,75,21,0
19November_2009_Thursday_tagesschau-3794,46,13,9
01February_2011_Tuesday_heute-4630,140,41,9
21July_2010_Wednesday_tagesschau-7374,102,21,2
25May_2010_Tuesday_tagesschau-1298,160,41,8
30March_2010_Tuesday_heute-7569,168,41,7
14September_2010_Tuesday_heute-8236,75,21,9
01June_2011_Wednesday_tagesschau-6954,101,21,0
27April_2010_Tuesday_heute-1041,35,9,9
29September_2009_Tuesday_tagesschau-8542,149,41,8
03August_2010_Tuesday_heute-7616,168,41,5
29April_2010_Thursday_tagesschau-4877,40,9,5
22April_2010_Thursday_tagesschau-3729,50,13,1
20September_2010_Monday_heute-2938,153,41,6
27October_2010_Wednesday_tagesschau-7464,100,21,7
29September_2010_Wednesday_heute-5459,80,21,0
25February_2011_Friday_tagesschau-567,149,41,5
04December_2009_Friday_tagesschau-839,113,21,3
20June_2011_Monday_tagesschau-1259,105,21,0
17February_2011_Thursday_heute-388,234,41,4
28September_2010_Tuesday_tagesschau-345,92,21,3
30March_2011_Wednesday_tagesschau-7132,122,21,7
15March_2011_Tuesday_tagesschau-3324,97,21,2
08May_2010_Saturday_tagesschau-183,142,41,1
23September_2010_Thursday_heute-6479,41,13,1
07November_2010_Sunday_tagesschau-1975,173,41,5
12August_2010_Thursday_tagesschau-4407,105,21,9
14December_2010_Tuesday_tagesschau-8453,113,21,3
24September_2009_Thursday_heute-6087,99,21,0
05July_2009_Sunday_tagesschau-4442,141,41,8
02September_2010_Thursday_tagesschau-8368,114,21,6
31January_2013_Thursday_tagesschau-2707,127,21,0
23May_2010_Sunday_tagesschau-4345,133,41,4
04December_2011_Sunday_tagesschau-7788,157,41,4
16December_2011_Friday_tagesschau-6533,79,21,8
03June_2010_Thursday_tagesschau-2633,132,41,2
11February_2010_Thursday_tagesschau-8760,76,21,5
23February_2010_Tuesday_heute-6255,51,13,4
07November_2010_Sunday_tagesschau-1974,77,21,9
30March_2010_Tuesday_tagesschau-5706,57,13,1
27October_2010_Wednesday_tagesschau-7460,117,21,4
14August_2009_Friday_tagesschau-61,97,21,7
05November_2010_Friday_tagesschau-1878,125,21,1
25August_2009_Tuesday_heute-3313,68,21,8
20August_2010_Friday_tagesschau-2718,91,21,4
01August_2011_Monday_heute-4850,52,13,2
25April_2010_Sunday_tagesschau-4944,197,41,3
17February_2010_Wednesday_tagesschau-4938,130,41,3
17January_2010_Sunday_tagesschau-5561,43,13,4
15February_2010_Monday_tagesschau-1835,98,21,6
19August_2010_Thursday_tagesschau-998,139,41,1
05April_2011_Tuesday_tagesschau-6422,104,21,0
12January_2010_Tuesday_heute-2551,72,21,2
21July_2009_Tuesday_tagesschau-8066,131,41,1
20November_2010_Saturday_tagesschau-1829,126,21,6
06July_2011_Wednesday_tagesschau-6873,34,9,7
13August_2009_Thursday_tagesschau-8490,146,41,9
03December_2009_Thursday_tagesschau-7220,136,41,9
21November_2011_Monday_tagesschau-2264,125,21,6
02October_2012_Tuesday_tagesschau-2852,162,41,0
30March_2011_Wednesday_tagesschau-7136,109,21,6
21October_2009_Wednesday_tagesschau-741,117,21,9
19October_2010_Tuesday_tagesschau-8294,143,41,3
29March_2010_Monday_tagesschau-8392,155,41,0
24September_2010_Friday_tagesschau-208,236,41,8
06December_2011_Tuesday_tagesschau-6850,118,21,3
16April_2010_Friday_tagesschau-6579,231,41,0
13July_2011_Wednesday_tagesschau-7982,171,41,7
17February_2010_Wednesday_tagesschau-4935,163,41,0
13July_2009_Monday_tagesschau-7519,102,21,7
10April_2010_Saturday_tagesschau-4134,230,41,6
14September_2010_Tuesday_heute-8249,66,21,5
12September_2010_Sunday_tagesschau-3921,36,9,2
19March_2011_Saturday_tagesschau-4693,138,41,8
22June_2011_Wednesday_heute-4377,52,13,8
20August_2010_Friday_tagesschau-2729,176,41,7
20August_2010_Friday_tagesschau-2723,80,21,1
28August_2010_Saturday_tagesschau-8189,141,41,2
12August_2010_Thursday_tagesschau-4406,124,21,9
17April_2011_Sunday_tagesschau-2162,168,41,0
01June_2010_Tuesday_heute-6616,132,41,1
23December_2010_Thursday_tagesschau-1434,42,13,0
07June_2010_Monday_tagesschau-1561,127,21,1
18July_2010_Sunday_tagesschau-6220,181,41,4
03February_2010_Wednesday_tagesschau-2055,105,21,8
01March_2011_Tuesday_tagesschau-2213,94,21,9
22March_2011_Tuesday_tagesschau-4957,240,41,5
18June_2010_Friday_tagesschau-4830,117,21,0
26November_2011_Saturday_tagesschau-5853,79,21,6
04July_2009_Saturday_tagesschau-3340,100,21,1
18January_2011_Tuesday_heute-5469,142,41,3
22February_2010_Monday_tagesschau-3252,150,41,5
01April_2011_Friday_tagesschau-3380,46,13,3
28November_2010_Sunday_tagesschau-2439,121,21,9
27October_2010_Wednesday_tagesschau-7457,178,41,3
14July_2011_Thursday_heute-5865,157,41,8
03November_2009_Tuesday_tagesschau-8142,161,41,9
24January_2011_Monday_tagesschau-3713,63,13,7
27February_2010_Saturday_tagesschau-7777,66,21,3
07October_2012_Sunday_tagesschau-3034,84,21,1
21October_2011_Friday_tagesschau-4111,55,13,2
14February_2010_Sunday_tagesschau-3840,104,21,3
22December_2010_Wednesday_tagesschau-5065,177,41,1
20December_2010_Monday_tagesschau-3212,36,9,9
07November_2010_Sunday_tagesschau-1972,105,21,6
28April_2010_Wednesday_heute-5188,95,21,9
26August_2009_Wednesday_heute-6551,99,21,9
24May_2010_Monday_tagesschau-3148,101,21,4
15October_2009_Thursday_tagesschau-7722,36,9,2
31May_2011_Tuesday_tagesschau-4292,93,21,3
04October_2012_Thursday_tagesschau-4922,129,41,2
24March_2011_Thursday_heute-6373,122,21,7
12April_2010_Monday_heute-7693,62,13,3
03June_2011_Friday_tagesschau-7646,125,21,1
01April_2011_Friday_tagesschau-3385,138,41,2
15October_2009_Thursday_tagesschau-7714,159,41,0
21October_2010_Thursday_tagesschau-1811,114,21,5
24August_2010_Tuesday_heute-3008,168,41,6
28August_2009_Friday_tagesschau-5876,42,13,0
22September_2010_Wednesday_tagesschau-3257,107,21,2
09July_2010_Friday_tagesschau-599,124,21,6
02June_2010_Wednesday_heute-6787,85,21,4
28March_2011_Monday_tagesschau-2282,113,21,9
21October_2010_Thursday_tagesschau-1810,135,41,1
07November_2010_Sunday_tagesschau-1982,79,21,5
02October_2010_Saturday_tagesschau-1304,69,21,7
01August_2011_Monday_heute-4854,53,13,1
06May_2010_Thursday_tagesschau-5740,260,41,2
07December_2011_Wednesday_heute-7806,110,21,2
04December_2011_Sunday_tagesschau-7785,97,21,5
16June_2010_Wednesday_heute-8316,98,21,6
29June_2011_Wednesday_tagesschau-4485,191,41,5
23November_2011_Wednesday_heute-2405,63,13,1
02October_2012_Tuesday_tagesschau-2849,234,41,2
18November_2009_Wednesday_tagesschau-5589,91,21,1
24October_2009_Saturday_tagesschau-4279,68,21,2
06February_2011_Sunday_tagesschau-6913,168,41,1
20October_2010_Wednesday_heute-8504,85,21,2
11December_2010_Saturday_tagesschau-8662,76,21,6
19January_2011_Wednesday_heute-2687,129,41,1
27June_2010_Sunday_tagesschau-7393,266,41,7
13May_2010_Thursday_tagesschau-7924,94,21,9
09August_2009_Sunday_tagesschau-1187,68,21,0
28May_2011_Saturday_tagesschau-2602,108,21,9
08July_2010_Thursday_tagesschau-5382,113,21,6
01June_2011_Wednesday_heute-951,96,21,8
15December_2010_Wednesday_heute-6019,181,41,7
11November_2009_Wednesday_tagesschau-8037,71,21,7
24July_2011_Sunday_tagesschau-6626,121,21,6
04May_2011_Wednesday_heute-3988,237,41,8
14October_2009_Wednesday_tagesschau-520,88,21,2
30April_2010_Friday_tagesschau-2026,146,41,2
11July_2009_Saturday_tagesschau-663,138,41,0
19January_2011_Wednesday_tagesschau-7073,53,13,9
01April_2010_Thursday_heute-6712,100,21,9
04May_2010_Tuesday_heute-455,115,21,8
05July_2009_Sunday_tagesschau-4447,182,41,2
05October_2010_Tuesday_tagesschau-4237,77,21,4
08September_2010_Wednesday_tagesschau-5239,106,21,3
30May_2011_Monday_heute-3675,146,41,0
05October_2010_Tuesday_heute-1210,61,13,0
22October_2010_Friday_tagesschau-2417,110,21,6
09March_2011_Wednesday_heute-1749,129,41,4
05December_2011_Monday_tagesschau-4185,205,41,5
27July_2010_Tuesday_heute-5267,223,41,3
06July_2009_Monday_tagesschau-2103,93,21,9
02September_2010_Thursday_tagesschau-8360,108,21,1
25January_2010_Monday_tagesschau-8309,111,21,1
31January_2011_Monday_heute-3048,202,41,2
14December_2010_Tuesday_tagesschau-8456,116,21,1
09August_2010_Monday_tagesschau-3005,118,21,5
18November_2011_Friday_tagesschau-2149,133,41,3
01October_2009_Thursday_tagesschau-413,121,21,3
06May_2010_Thursday_tagesschau-5733,87,21,0
09February_2010_Tuesday_tagesschau-4500,119,21,9
20August_2010_Friday_tagesschau-2719,197,41,1
19April_2010_Monday_tagesschau-1386,139,41,4
02December_2011_Friday_tagesschau-8014,143,41,8
04April_2011_Monday_heute-958,35,9,7
23May_2011_Monday_tagesschau-1104,123,21,4
28November_2010_Sunday_tagesschau-2443,99,21,2
12December_2011_Monday_heute-5802,31,9,5
23November_2011_Wednesday_heute-2402,245,41,7
08April_2011_Friday_tagesschau-2069,115,21,8
24February_2011_Thursday_heute-6676,213,41,5
30January_2011_Sunday_tagesschau-6351,104,21,8
20July_2010_Tuesday_heute-5258,182,41,7
30May_2010_Sunday_tagesschau-4162,130,41,0
09July_2010_Friday_tagesschau-595,111,21,7
12April_2011_Tuesday_tagesschau-687,123,21,4
13January_2010_Wednesday_tagesschau-3822,95,21,2
28December_2011_Wednesday_tagesschau-1909,104,21,9
14April_2010_Wednesday_tagesschau-3810,115,21,9
09June_2010_Wednesday_heute-8267,61,13,3
27May_2010_Thursday_heute-1237,126,21,8
07May_2010_Friday_tagesschau-3612,53,13,6
12October_2009_Monday_tagesschau-549,202,41,4
17February_2011_Thursday_heute-392,123,21,6
23May_2011_Monday_heute-6458,127,21,9
04February_2010_Thursday_heute-7976,53,13,9
26June_2010_Saturday_tagesschau-720,99,21,5
01December_2011_Thursday_heute-3064,79,21,0
14October_2009_Wednesday_tagesschau-524,42,13,1
20July_2010_Tuesday_tagesschau-7886,58,13,6
12July_2010_Monday_heute-243,50,13,7
30January_2011_Sunday_tagesschau-6356,152,41,0
23March_2011_Wednesday_tagesschau-8755,128,21,3
22June_2011_Wednesday_heute-4386,120,21,2
21November_2011_Monday_tagesschau-2263,210,41,4
16June_2010_Wednesday_heute-8320,161,41,4
14September_2010_Tuesday_heute-8240,102,21,1
23September_2010_Thursday_heute-6473,153,41,3
13August_2011_Saturday_tagesschau-1414,62,13,7
26March_2011_Saturday_tagesschau-5732,145,41,5
12December_2011_Monday_tagesschau-8268,94,21,6
18January_2010_Monday_tagesschau-4022,110,21,2
25May_2010_Tuesday_heute-3760,79,21,0
26June_2010_Saturday_tagesschau-728,111,21,0
10April_2011_Sunday_tagesschau-1532,147,41,1
23February_2011_Wednesday_heute-3777,54,13,4
13July_2010_Tuesday_heute-4810,93,21,2
25August_2009_Tuesday_heute-3305,195,41,3
25November_2011_Friday_tagesschau-4394,168,41,9
29July_2010_Thursday_heute-7741,142,41,1
21November_2011_Monday_heute-5435,140,41,1
02November_2010_Tuesday_heute-2747,88,21,9
05August_2010_Thursday_tagesschau-4261,113,21,7
13August_2011_Saturday_tagesschau-1407,181,41,9
02February_2010_Tuesday_tagesschau-7953,246,41,6
02February_2011_Wednesday_tagesschau-7444,116,21,1
26September_2010_Sunday_tagesschau-5935,102,21,4
24November_2011_Thursday_heute-219,173,41,4
24February_2011_Thursday_tagesschau-4760,110,21,0
07December_2011_Wednesday_tagesschau-5406,106,21,3
28August_2009_Friday_tagesschau-5874,38,9,0
16June_2010_Wednesday_heute-8318,107,21,1
18October_2010_Monday_heute-621,176,41,9
06April_2010_Tuesday_heute-5975,105,21,8
27June_2011_Monday_heute-2470,110,21,0
12September_2009_Saturday_tagesschau-6599,35,9,5
25March_2011_Friday_tagesschau-5821,171,41,5
27October_2010_Wednesday_tagesschau-7465,148,41,7
20November_2010_Saturday_tagesschau-1825,90,21,7
28January_2013_Monday_heute-7994,186,41,5
15March_2011_Tuesday_tagesschau-3331,97,21,2
28January_2010_Thursday_heute-2886,41,13,5
06May_2010_Thursday_tagesschau-5735,52,13,3
23January_2011_Sunday_tagesschau-7831,114,21,2
04December_2010_Saturday_tagesschau-4838,185,41,3
08February_2010_Monday_tagesschau-2800,153,41,0
18January_2010_Monday_heute-3860,97,21,1
07June_2010_Monday_heute-2328,202,41,5
23October_2010_Saturday_tagesschau-893,176,41,1
23December_2010_Thursday_tagesschau-1440,71,21,5
05December_2011_Monday_tagesschau-4182,101,21,3
12March_2011_Saturday_tagesschau-2452,250,41,1
24May_2010_Monday_tagesschau-3146,118,21,2
30November_2010_Tuesday_tagesschau-4619,114,21,1
29November_2011_Tuesday_heute-8094,230,41,0
01October_2010_Friday_tagesschau-2694,111,21,7
22July_2010_Thursday_tagesschau-8203,119,21,1
26June_2010_Saturday_tagesschau-721,71,21,9
10August_2011_Wednesday_tagesschau-6299,101,21,0
21June_2011_Tuesday_tagesschau-1270,89,21,0
17September_2010_Friday_tagesschau-3419,180,41,1
31August_2010_Tuesday_heute-3181,147,41,4
20July_2010_Tuesday_heute-5260,43,13,7
28October_2010_Thursday_tagesschau-5925,79,21,5
19July_2009_Sunday_tagesschau-1573,134,41,3
09February_2010_Tuesday_tagesschau-4499,185,41,9
12January_2010_Tuesday_tagesschau-2386,120,21,3
17January_2010_Sunday_tagesschau-5550,152,41,3
26May_2011_Thursday_tagesschau-4793,133,41,3
03December_2009_Thursday_tagesschau-7226,63,13,6
10March_2011_Thursday_tagesschau-5076,50,13,6
26September_2009_Saturday_tagesschau-2346,163,41,8
24July_2010_Saturday_tagesschau-6341,105,21,6
27January_2013_Sunday_tagesschau-8827,87,21,2
14April_2010_Wednesday_tagesschau-3820,182,41,7
09July_2011_Saturday_tagesschau-3298,100,21,6
15May_2010_Saturday_tagesschau-5658,174,41,1
13January_2010_Wednesday_tagesschau-3832,108,21,6
06June_2010_Sunday_tagesschau-6361,99,21,4
14March_2011_Monday_tagesschau-7603,111,21,3
07August_2009_Friday_tagesschau-6173,51,13,5
17February_2011_Thursday_tagesschau-6316,78,21,4
06December_2011_Tuesday_heute-1537,38,9,7
03September_2010_Friday_tagesschau-8433,79,21,6
28August_2010_Saturday_tagesschau-8188,118,21,2
14July_2010_Wednesday_tagesschau-1862,164,41,7
11August_2010_Wednesday_tagesschau-11,139,41,8
05July_2010_Monday_tagesschau-1203,164,41,7
10April_2010_Saturday_tagesschau-4142,94,21,8
05May_2011_Thursday_heute-3741,84,21,8
10December_2009_Thursday_tagesschau-7486,160,41,6
23March_2011_Wednesday_tagesschau-8753,127,21,6
06March_2011_Sunday_tagesschau-3895,146,41,7
09July_2010_Friday_tagesschau-598,135,41,9
19November_2011_Saturday_tagesschau-3686,109,21,6
29April_2010_Thursday_tagesschau-4873,93,21,9
10July_2009_Friday_tagesschau-1090,96,21,5
23February_2011_Wednesday_tagesschau-154,127,21,8
13August_2009_Thursday_tagesschau-8485,148,41,8
25July_2011_Monday_heute-8221,36,9,1
18May_2010_Tuesday_tagesschau-3577,41,13,4
15March_2011_Tuesday_tagesschau-3329,219,41,0
02October_2012_Tuesday_heute-3498,152,41,5
17February_2010_Wednesday_heute-1491,68,21,9
31January_2011_Monday_heute-3050,207,41,8
21January_2011_Friday_tagesschau-4893,109,21,2
02October_2009_Friday_tagesschau-1351,81,21,3
01August_2011_Monday_heute-4859,74,21,5
15March_2011_Tuesday_tagesschau-3328,100,21,0
28March_2011_Monday_tagesschau-2293,126,21,0
19September_2010_Sunday_tagesschau-3796,163,41,0
05July_2011_Tuesday_tagesschau-6139,186,41,5
24October_2009_Saturday_tagesschau-4280,99,21,1
06January_2010_Wednesday_tagesschau-7733,149,41,5
29January_2013_Tuesday_tagesschau-875,193,41,5
18April_2010_Sunday_tagesschau-6655,170,41,8
11May_2011_Wednesday_tagesschau-7018,49,13,3
30January_2013_Wednesday_tagesschau-464,143,41,0
02December_2009_Wednesday_tagesschau-4040,112,21,7
22November_2010_Monday_heute-284,115,21,8
09September_2010_Thursday_tagesschau-4373,130,41,3
12January_2010_Tuesday_heute-2549,215,41,2
29November_2011_Tuesday_tagesschau-5621,176,41,9
09July_2011_Saturday_tagesschau-3297,105,21,5
27August_2010_Friday_tagesschau-5154,116,21,6
24March_2011_Thursday_heute-6372,55,13,8
02February_2010_Tuesday_tagesschau-7956,96,21,7
18February_2011_Friday_tagesschau-6834,142,41,5
27February_2010_Saturday_tagesschau-7766,109,21,2
01July_2010_Thursday_tagesschau-8792,76,21,9
22May_2010_Saturday_tagesschau-2738,134,41,5
14October_2010_Thursday_heute-2190,329,41,7
06December_2010_Monday_heute-6206,184,41,7
27February_2010_Saturday_tagesschau-7768,30,9,9
20May_2010_Thursday_tagesschau-3159,115,21,5
23July_2011_Saturday_tagesschau-5494,107,21,4
11August_2009_Tuesday_tagesschau-4351,45,13,8
09December_2011_Friday_tagesschau-8437,104,21,5
11October_2010_Monday_tagesschau-4606,97,21,2
19August_2010_Thursday_tagesschau-986,92,21,0
20November_2009_Friday_tagesschau-6572,69,21,3
06October_2012_Saturday_tagesschau-8731,117,21,7
12October_2009_Monday_tagesschau-552,83,21,5
30May_2011_Monday_heute-3674,228,41,3
11November_2010_Thursday_tagesschau-3562,103,21,8
12July_2009_Sunday_tagesschau-2577,115,21,8
29September_2011_Thursday_tagesschau-7238,129,41,4
05July_2010_Monday_heute-8701,105,21,1
27May_2011_Friday_tagesschau-8121,113,21,5
23September_2010_Thursday_heute-6468,36,9,4
02December_2010_Thursday_tagesschau-3630,100,21,1
19January_2011_Wednesday_heute-2686,153,41,2
09June_2010_Wednesday_tagesschau-5967,63,13,2
16June_2010_Wednesday_tagesschau-8151,110,21,3
12January_2011_Wednesday_tagesschau-1736,130,41,3
19January_2011_Wednesday_tagesschau-7078,109,21,5
23September_2010_Thursday_heute-6469,168,41,3
18February_2011_Friday_tagesschau-6835,131,41,4
02July_2009_Thursday_tagesschau-2867,152,41,8
08February_2010_Monday_heute-1506,79,21,2
29January_2010_Friday_tagesschau-6496,140,41,3
03November_2010_Wednesday_tagesschau-6500,97,21,9
25August_2010_Wednesday_heute-6004,142,41,9
16December_2011_Friday_tagesschau-6536,94,21,3
05January_2011_Wednesday_tagesschau-2245,118,21,2
21October_2010_Thursday_tagesschau-1812,166,41,8
31January_2011_Monday_heute-3040,35,9,2
02December_2011_Friday_tagesschau-8011,202,41,6
07June_2010_Monday_tagesschau-1565,82,21,2
11February_2011_Friday_tagesschau-7761,82,21,3
13August_2009_Thursday_tagesschau-8489,149,41,6
03December_2011_Saturday_tagesschau-8673,117,21,2
05March_2011_Saturday_tagesschau-5440,151,41,3
26July_2010_Monday_tagesschau-6262,141,41,5
30October_2009_Friday_tagesschau-2278,106,21,3
21November_2011_Monday_heute-5430,207,41,5
10April_2011_Sunday_tagesschau-1524,86,21,6
24November_2011_Thursday_tagesschau-8335,73,21,7
03February_2010_Wednesday_tagesschau-2058,59,13,8
24November_2011_Thursday_heute-217,40,9,4
05September_2009_Saturday_tagesschau-4079,95,21,3
31May_2011_Tuesday_tagesschau-4293,132,41,7
25January_2010_Monday_heute-1461,154,41,5
01June_2011_Wednesday_tagesschau-6945,101,21,2
20November_2011_Sunday_tagesschau-538,144,41,2
01November_2010_Monday_heute-1711,86,21,6
30July_2010_Friday_tagesschau-1514,130,41,1
02October_2009_Friday_tagesschau-1358,195,41,0
20December_2010_Monday_tagesschau-3201,73,21,2
15February_2011_Tuesday_heute-7902,47,13,0
09December_2010_Thursday_heute-7562,77,21,9
15October_2009_Thursday_tagesschau-7718,129,41,6
27July_2010_Tuesday_tagesschau-6049,81,21,6
22November_2011_Tuesday_heute-4655,141,41,3
09January_2010_Saturday_tagesschau-1927,85,21,8
06December_2009_Sunday_tagesschau-5511,75,21,1
14March_2011_Monday_tagesschau-7599,139,41,3
22November_2010_Monday_heute-277,109,21,1
15September_2010_Wednesday_tagesschau-5207,173,41,3
22March_2011_Tuesday_tagesschau-4963,169,41,4
26May_2011_Thursday_tagesschau-4787,161,41,0
09June_2010_Wednesday_heute-8265,228,41,8
12April_2010_Monday_tagesschau-360,84,21,0
05October_2010_Tuesday_tagesschau-4236,82,21,0
27November_2009_Friday_tagesschau-7333,81,21,7
23May_2011_Monday_heute-6457,153,41,6
27February_2011_Sunday_tagesschau-6110,153,41,1
05September_2009_Saturday_tagesschau-4086,102,21,8
20May_2010_Thursday_tagesschau-3156,235,41,4
01April_2010_Thursday_heute-6694,53,13,1
12April_2010_Monday_tagesschau-354,83,21,1
20January_2010_Wednesday_heute-797,54,13,8
25November_2010_Thursday_tagesschau-2531,103,21,5
09November_2010_Tuesday_tagesschau-747,195,41,4
06October_2010_Wednesday_tagesschau-631,119,21,5
23September_2010_Thursday_heute-6483,141,41,0
09December_2009_Wednesday_tagesschau-2555,144,41,0
24June_2010_Thursday_tagesschau-7304,91,21,1
02June_2010_Wednesday_heute-6786,54,13,2
29January_2010_Friday_tagesschau-6491,114,21,6
14March_2011_Monday_tagesschau-7607,83,21,7
20June_2011_Monday_tagesschau-1260,68,21,3
22July_2009_Wednesday_tagesschau-2870,180,41,4
24January_2011_Monday_heute-6986,41,13,8
03November_2009_Tuesday_tagesschau-8140,69,21,5
15April_2010_Thursday_tagesschau-5781,114,21,1
04July_2011_Monday_tagesschau-699,154,41,3
10December_2011_Saturday_tagesschau-5412,34,9,7
27April_2010_Tuesday_heute-1025,51,13,1
24July_2011_Sunday_tagesschau-6620,207,41,7
17April_2011_Sunday_tagesschau-2158,146,41,3
20October_2010_Wednesday_tagesschau-8216,189,41,3
28February_2011_Monday_tagesschau-4982,129,41,4
08April_2010_Thursday_tagesschau-3955,141,41,1
22January_2010_Friday_tagesschau-906,56,13,3
01April_2011_Friday_tagesschau-3376,124,21,8
23July_2011_Saturday_tagesschau-5503,211,41,2
12July_2009_Sunday_tagesschau-2568,130,41,4
27September_2009_Sunday_tagesschau-2165,118,21,9
04December_2009_Friday_tagesschau-837,189,41,7
24January_2011_Monday_tagesschau-3718,82,21,7
27October_2009_Tuesday_tagesschau-6154,133,41,4
04July_2011_Monday_tagesschau-704,158,41,3
13March_2011_Sunday_tagesschau-4461,103,21,3
13March_2011_Sunday_tagesschau-4463,165,41,9
03August_2010_Tuesday_tagesschau-2782,144,41,4
11September_2009_Friday_tagesschau-8786,132,41,4
19March_2011_Saturday_tagesschau-4685,116,21,2
25November_2010_Thursday_tagesschau-2532,140,41,7
09March_2011_Wednesday_heute-1748,155,41,8
10January_2011_Monday_tagesschau-6401,85,21,6
09February_2011_Wednesday_tagesschau-2503,82,21,8
26August_2010_Thursday_tagesschau-4267,55,13,5
15December_2009_Tuesday_tagesschau-6962,149,41,1
24May_2010_Monday_tagesschau-3150,99,21,8
14May_2010_Friday_tagesschau-4802,101,21,2
24July_2010_Saturday_tagesschau-6338,217,41,1
09June_2010_Wednesday_tagesschau-5969,111,21,8
10August_2009_Monday_heute-6894,63,13,0
23May_2011_Monday_heute-6464,58,13,6
01February_2011_Tuesday_heute-4642,207,41,8
12July_2010_Monday_heute-256,256,41,6
14May_2010_Friday_tagesschau-4805,106,21,2
07December_2011_Wednesday_tagesschau-5400,118,21,3
29November_2011_Tuesday_tagesschau-5623,152,41,0
09March_2011_Wednesday_heute-1739,178,41,4
15April_2010_Thursday_tagesschau-5776,145,41,2
12November_2009_Thursday_tagesschau-6779,122,21,2
01September_2010_Wednesday_tagesschau-5047,96,21,0
06February_2010_Saturday_tagesschau-7358,106,21,5
26April_2010_Monday_heute-3392,65,13,8
03December_2009_Thursday_tagesschau-7213,158,41,0
10December_2009_Thursday_tagesschau-7483,197,41,7
29March_2011_Tuesday_tagesschau-8119,144,41,6
30January_2011_Sunday_tagesschau-6347,213,41,7
25February_2010_Thursday_tagesschau-1760,89,21,5
11November_2009_Wednesday_tagesschau-8046,125,21,0
08September_2010_Wednesday_tagesschau-5245,147,41,9
26September_2009_Saturday_tagesschau-2337,128,21,5
04December_2009_Friday_tagesschau-838,87,21,8
10March_2011_Thursday_tagesschau-5078,129,41,1
14July_2010_Wednesday_heute-6195,126,21,8
30August_2010_Monday_tagesschau-2819,83,21,7
15April_2010_Thursday_tagesschau-5780,172,41,6
12January_2011_Wednesday_tagesschau-1733,104,21,4
29April_2010_Thursday_tagesschau-4878,163,41,4
08November_2010_Monday_tagesschau-6927,88,21,0
17September_2010_Friday_tagesschau-3424,126,21,8
25August_2010_Wednesday_tagesschau-8514,92,21,7
26July_2010_Monday_tagesschau-6265,156,41,4
01July_2009_Wednesday_tagesschau-4554,40,9,7
15July_2011_Friday_tagesschau-8723,68,21,5
18January_2011_Tuesday_heute-5470,83,21,3
12December_2009_Saturday_tagesschau-4730,157,41,6
11May_2011_Wednesday_tagesschau-7023,133,41,8
21April_2010_Wednesday_heute-3116,85,21,6
03August_2010_Tuesday_heute-7622,53,13,7
02July_2009_Thursday_tagesschau-2863,354,41,8
03April_2010_Saturday_tagesschau-2972,136,41,3
23May_2011_Monday_heute-6460,142,41,0
24March_2011_Thursday_tagesschau-3945,76,21,5
06October_2011_Thursday_heute-5542,47,13,2
08April_2010_Thursday_heute-4011,154,41,6
11September_2010_Saturday_tagesschau-4995,107,21,6
25January_2010_Monday_heute-1471,134,41,7
21November_2010_Sunday_tagesschau-5665,194,41,8
07April_2010_Wednesday_heute-1629,80,21,5
11September_2009_Friday_tagesschau-8777,66,21,5
14October_2010_Thursday_heute-2189,244,41,7
18May_2010_Tuesday_tagesschau-3572,112,21,4
14December_2009_Monday_tagesschau-2087,191,41,6
02March_2011_Wednesday_tagesschau-4703,112,21,0
24April_2010_Saturday_tagesschau-3973,118,21,0
29March_2010_Monday_tagesschau-8394,125,21,8
28December_2011_Wednesday_tagesschau-1906,125,21,8
16February_2010_Tuesday_tagesschau-6105,70,21,9
14August_2011_Sunday_tagesschau-3233,136,41,4
06September_2009_Sunday_tagesschau-5303,131,41,7
13July_2010_Tuesday_heute-4817,123,21,4
29November_2011_Tuesday_tagesschau-5622,103,21,5
26October_2009_Monday_tagesschau-1393,212,41,7
22October_2010_Friday_tagesschau-2412,122,21,0
12January_2010_Tuesday_tagesschau-2391,60,13,7
29August_2009_Saturday_tagesschau-5025,155,41,7
18January_2011_Tuesday_heute-5468,118,21,2
26April_2010_Monday_heute-3395,56,13,9
24September_2010_Friday_tagesschau-206,167,41,6
03August_2010_Tuesday_heute-7609,90,21,0
01June_2011_Wednesday_heute-944,49,13,4
24January_2013_Thursday_tagesschau-6330,81,21,7
19August_2010_Thursday_tagesschau-996,148,41,2
25May_2010_Tuesday_heute-3757,180,41,8
11January_2011_Tuesday_tagesschau-8018,86,21,4
03July_2010_Saturday_tagesschau-4589,42,13,5
07October_2010_Thursday_heute-8567,62,13,5
10March_2011_Thursday_tagesschau-5080,156,41,2
22October_2010_Friday_tagesschau-2418,92,21,9
11September_2009_Friday_tagesschau-8776,114,21,1
09February_2011_Wednesday_heute-7536,87,21,8
03April_2010_Saturday_tagesschau-2976,133,41,2
01October_2010_Friday_tagesschau-2692,129,41,9
04August_2011_Thursday_tagesschau-714,198,41,8
08May_2010_Saturday_tagesschau-182,41,13,1
06May_2010_Thursday_tagesschau-5744,166,41,1
02November_2010_Tuesday_tagesschau-2030,136,41,3
28September_2010_Tuesday_heute-8349,138,41,7
17October_2009_Saturday_tagesschau-2131,95,21,2
29May_2011_Sunday_tagesschau-765,126,21,2
07May_2011_Saturday_tagesschau-115,106,21,8
15June_2010_Tuesday_tagesschau-83,170,41,0
24August_2010_Tuesday_tagesschau-2198,104,21,5
22July_2010_Thursday_heute-8811,133,41,5
24January_2010_Sunday_tagesschau-8713,132,41,0
24July_2010_Saturday_tagesschau-6337,37,9,4
10December_2011_Saturday_tagesschau-5414,100,21,5
22January_2011_Saturday_tagesschau-2075,163,41,5
06October_2009_Tuesday_tagesschau-8159,45,13,6
15October_2009_Thursday_tagesschau-7720,128,21,6
11September_2009_Friday_tagesschau-8784,131,41,3
26April_2010_Monday_tagesschau-7277,220,41,1
24January_2013_Thursday_tagesschau-6319,94,21,6
20September_2010_Monday_heute-2939,29,9,2
21November_2010_Sunday_tagesschau-5675,29,9,8
04May_2011_Wednesday_heute-3992,86,21,7
04March_2011_Friday_tagesschau-2833,103,21,4
03July_2009_Friday_tagesschau-2009,121,21,5
25January_2010_Monday_heute-1469,95,21,4
08September_2010_Wednesday_tagesschau-5237,95,21,1
12July_2009_Sunday_tagesschau-2571,66,21,1
07September_2010_Tuesday_tagesschau-1955,85,21,7
20January_2010_Wednesday_heute-804,93,21,9
29May_2010_Saturday_tagesschau-8411,95,21,6
27October_2009_Tuesday_tagesschau-6157,50,13,4
31August_2010_Tuesday_heute-3182,35,9,1
08February_2010_Monday_tagesschau-2799,106,21,9
05September_2010_Sunday_tagesschau-3136,183,41,3
28May_2010_Friday_tagesschau-7502,95,21,7
01October_2010_Friday_tagesschau-2699,48,13,1
14June_2010_Monday_tagesschau-3698,81,21,8
28January_2010_Thursday_tagesschau-2816,221,41,8
14July_2010_Wednesday_heute-6181,90,21,3
13March_2011_Sunday_tagesschau-4458,107,21,1
06December_2011_Tuesday_tagesschau-6843,163,41,1
22November_2011_Tuesday_tagesschau-3651,117,21,2
23January_2013_Wednesday_tagesschau-429,90,21,0
29September_2010_Wednesday_heute-5455,168,41,9
15July_2010_Thursday_tagesschau-4057,121,21,1
12July_2010_Monday_heute-257,114,21,6
19February_2011_Saturday_tagesschau-5281,201,41,8
19April_2010_Monday_heute-772,114,21,7
05May_2011_Thursday_heute-3742,43,13,5
05May_2011_Thursday_heute-3745,233,41,4
23July_2009_Thursday_tagesschau-6755,121,21,1
09July_2010_Friday_tagesschau-593,249,41,9
18May_2010_Tuesday_heute-3365,170,41,4
07December_2009_Monday_tagesschau-7096,92,21,9
29November_2011_Tuesday_heute-8092,122,21,6
13November_2009_Friday_tagesschau-8604,57,13,5
16March_2011_Wednesday_tagesschau-2225,108,21,2
21October_2011_Friday_tagesschau-4108,45,13,2
20July_2010_Tuesday_heute-5259,85,21,9
07May_2010_Friday_tagesschau-3602,103,21,9
26April_2010_Monday_heute-3393,52,13,8
22January_2010_Friday_tagesschau-910,152,41,5
29November_2009_Sunday_tagesschau-7046,68,21,7
01February_2011_Tuesday_tagesschau-4970,117,21,4
03March_2011_Thursday_tagesschau-7065,129,41,3
15July_2009_Wednesday_tagesschau-5296,125,21,2
12April_2010_Monday_tagesschau-361,79,21,2
17April_2010_Saturday_tagesschau-407,137,41,5
05October_2011_Wednesday_heute-1081,83,21,7
07December_2009_Monday_tagesschau-7099,122,21,1
24August_2009_Monday_heute-6641,147,41,2
09August_2009_Sunday_tagesschau-1183,76,21,0
04August_2011_Thursday_tagesschau-710,151,41,8
14August_2011_Sunday_tagesschau-3234,114,21,1
01October_2010_Friday_tagesschau-2693,108,21,9
27February_2011_Sunday_tagesschau-6108,135,41,0
12July_2010_Monday_heute-254,84,21,4
25January_2010_Monday_tagesschau-8304,116,21,9
14March_2011_Monday_tagesschau-7605,211,41,6
13December_2009_Sunday_tagesschau-6813,72,21,2
15July_2009_Wednesday_tagesschau-5294,95,21,9
23July_2011_Saturday_tagesschau-5506,143,41,3
16June_2010_Wednesday_heute-8324,89,21,6
15April_2010_Thursday_tagesschau-5775,86,21,0
18May_2010_Tuesday_tagesschau-3580,138,41,6
18May_2010_Tuesday_heute-3364,282,41,3
24March_2011_Thursday_tagesschau-3935,208,41,4
01October_2012_Monday_tagesschau-5366,39,9,6
30July_2011_Saturday_tagesschau-8589,102,21,9
12July_2010_Monday_tagesschau-381,135,41,8
05October_2010_Tuesday_heute-1215,67,21,3
09August_2010_Monday_tagesschau-3002,104,21,5
21October_2011_Friday_tagesschau-4115,62,13,2
27August_2010_Friday_tagesschau-5157,186,41,6
28September_2010_Tuesday_tagesschau-348,220,41,8
08November_2010_Monday_tagesschau-6921,99,21,9
10December_2009_Thursday_tagesschau-7493,96,21,3
12July_2011_Tuesday_heute-1285,50,13,9
29March_2011_Tuesday_tagesschau-8118,105,21,5
05July_2011_Tuesday_tagesschau-6140,139,41,9
