video_name,n_frames,k_frames,prompt_id
22January_2010_Friday_tagesschau-913,110,21,7
07December_2011_Wednesday_heute-7795,46,13,1
20October_2009_Tuesday_tagesschau-3589,78,21,2
23February_2010_Tuesday_heute-6247,149,41,3
23February_2010_Tuesday_heute-6243,37,9,6
15September_2010_Wednesday_heute-2484,101,21,4
10December_2009_Thursday_tagesschau-7491,80,21,5
03December_2011_Saturday_tagesschau-8672,125,21,3
05October_2011_Wednesday_heute-1080,193,41,3
10August_2010_Tuesday_heute-1441,47,13,5
05May_2011_Thursday_heute-3743,259,41,8
06September_2010_Monday_tagesschau-1150,119,21,9
08September_2010_Wednesday_tagesschau-5241,198,41,8
05March_2011_Saturday_tagesschau-5448,95,21,0
12August_2010_Thursday_tagesschau-4411,93,21,4
07October_2010_Thursday_heute-8560,62,13,8
05May_2011_Thursday_tagesschau-30,82,21,3
06March_2011_Sunday_tagesschau-3890,112,21,4
14December_2009_Monday_tagesschau-2086,91,21,3
23April_2010_Friday_tagesschau-3670,102,21,0
27February_2011_Sunday_tagesschau-6106,122,21,3
17May_2010_Monday_tagesschau-8469,215,41,8
31January_2011_Monday_tagesschau-677,104,21,2
12November_2009_Thursday_tagesschau-6778,52,13,1
21January_2011_Friday_tagesschau-4894,179,41,5
06October_2011_Thursday_heute-5536,113,21,1
22October_2010_Friday_tagesschau-2409,116,21,9
05May_2010_Wednesday_tagesschau-3357,137,41,2
25February_2011_Friday_tagesschau-569,105,21,8
18May_2010_Tuesday_heute-3367,245,41,9
14July_2010_Wednesday_heute-6182,59,13,4
02March_2011_Wednesday_tagesschau-4709,86,21,8
30December_2010_Thursday_tagesschau-2240,44,13,8
01November_2010_Monday_tagesschau-134,182,41,8
04July_2009_Saturday_tagesschau-3334,96,21,2
29November_2011_Tuesday_tagesschau-5618,142,41,6
04July_2010_Sunday_tagesschau-7202,80,21,9
28October_2010_Thursday_heute-326,138,41,8
05October_2011_Wednesday_heute-1074,167,41,7
04October_2012_Thursday_tagesschau-4918,86,21,6
14August_2011_Sunday_tagesschau-3231,67,21,5
25July_2010_Sunday_tagesschau-4784,190,41,5
06November_2010_Saturday_tagesschau-1163,153,41,1
04June_2010_Friday_tagesschau-1167,96,21,8
20January_2010_Wednesday_heute-812,235,41,5
24September_2009_Thursday_heute-6076,61,13,7
10February_2010_Wednesday_tagesschau-2518,113,21,7
22April_2010_Thursday_heute-2113,175,41,5
06May_2010_Thursday_heute-1052,138,41,0
08June_2010_Tuesday_heute-1995,139,41,2
02March_2011_Wednesday_tagesschau-4707,253,41,2
19January_2011_Wednesday_tagesschau-7076,113,21,6
12August_2009_Wednesday_tagesschau-1803,154,41,0
13October_2009_Tuesday_tagesschau-1660,49,13,7
27February_2011_Sunday_tagesschau-6114,117,21,8
27May_2011_Friday_tagesschau-8132,117,21,1
14April_2010_Wednesday_tagesschau-3818,170,41,1
15June_2010_Tuesday_tagesschau-77,80,21,6
03March_2011_Thursday_tagesschau-7056,40,9,1
10August_2010_Tuesday_tagesschau-3863,105,21,4
12January_2011_Wednesday_tagesschau-1734,75,21,7
13September_2010_Monday_heute-7168,133,41,6
09August_2010_Monday_heute-5887,44,13,0
21August_2011_Sunday_tagesschau-273,113,21,4
16July_2009_Thursday_tagesschau-5056,167,41,3
04December_2010_Saturday_tagesschau-4845,81,21,8
30April_2010_Friday_tagesschau-2017,85,21,4
02February_2011_Wednesday_tagesschau-7455,91,21,4
05July_2009_Sunday_tagesschau-4440,102,21,2
11May_2011_Wednesday_tagesschau-7024,60,13,7
02December_2009_Wednesday_tagesschau-4044,98,21,3
04December_2010_Saturday_tagesschau-4843,114,21,5
02October_2010_Saturday_tagesschau-1303,143,41,0
02December_2009_Wednesday_tagesschau-4052,44,13,0
09July_2011_Saturday_tagesschau-3293,63,13,0
26August_2010_Thursday_tagesschau-4276,145,41,8
26April_2010_Monday_heute-3389,50,13,0
09December_2010_Thursday_heute-7552,114,21,6
11May_2011_Wednesday_tagesschau-7016,42,13,6
11August_2011_Thursday_heute-3192,193,41,6
23January_2013_Wednesday_tagesschau-434,153,41,2
08December_2009_Tuesday_tagesschau-1933,102,21,6
30January_2011_Sunday_tagesschau-6349,217,41,9
20October_2009_Tuesday_tagesschau-3588,101,21,9
19January_2011_Wednesday_heute-2682,114,21,6
12April_2011_Tuesday_tagesschau-683,101,21,6
13July_2010_Tuesday_heute-4813,153,41,0
22February_2011_Tuesday_tagesschau-8399,115,21,5
30April_2010_Friday_tagesschau-2022,172,41,0
30November_2010_Tuesday_tagesschau-4624,198,41,3
24May_2010_Monday_tagesschau-3143,250,41,0
07February_2010_Sunday_tagesschau-498,124,21,3
13April_2010_Tuesday_tagesschau-2310,156,41,0
10August_2010_Tuesday_tagesschau-3862,80,21,5
04April_2010_Sunday_tagesschau-4565,110,21,8
27July_2010_Tuesday_heute-5268,125,21,1
03December_2011_Saturday_tagesschau-8676,53,13,6
14December_2009_Monday_tagesschau-2095,133,41,7
19January_2011_Wednesday_tagesschau-7079,180,41,7
10August_2010_Tuesday_tagesschau-3868,102,21,9
07October_2010_Thursday_heute-8563,66,21,6
19October_2010_Tuesday_heute-8050,161,41,3
01April_2010_Thursday_heute-6709,128,21,8
28April_2010_Wednesday_heute-5191,111,21,8
07June_2010_Monday_heute-2319,44,13,6
22April_2010_Thursday_tagesschau-3737,102,21,2
01October_2012_Monday_heute-445,160,41,6
09January_2010_Saturday_tagesschau-1929,121,21,8
06February_2011_Sunday_tagesschau-6911,199,41,7
05October_2011_Wednesday_heute-1075,77,21,9
08February_2010_Monday_tagesschau-2802,139,41,2
02September_2010_Thursday_heute-3454,167,41,9
02June_2010_Wednesday_tagesschau-7152,94,21,3
07June_2010_Monday_heute-2324,65,13,0
24June_2010_Thursday_tagesschau-7311,58,13,2
21May_2010_Friday_tagesschau-5088,125,21,8
16May_2010_Sunday_tagesschau-5231,141,41,9
04June_2010_Friday_tagesschau-1174,223,41,7
22February_2011_Tuesday_tagesschau-8400,192,41,9
07December_2010_Tuesday_heute-5624,139,41,4
20January_2011_Thursday_tagesschau-3079,100,21,5
05July_2010_Monday_heute-8692,65,13,7
01November_2010_Monday_tagesschau-143,129,41,0
03March_2011_Thursday_tagesschau-7058,48,13,0
12August_2009_Wednesday_tagesschau-1798,161,41,6
05August_2010_Thursday_tagesschau-4258,79,21,4
20November_2009_Friday_tagesschau-6570,129,41,9
23March_2011_Wednesday_tagesschau-8750,81,21,5
20October_2010_Wednesday_tagesschau-8213,85,21,3
19July_2009_Sunday_tagesschau-1570,193,41,6
04October_2010_Monday_heute-5955,128,21,0
15February_2011_Tuesday_heute-7909,108,21,9
04July_2011_Monday_tagesschau-700,65,13,3
12April_2010_Monday_heute-7695,95,21,9
05January_2011_Wednesday_tagesschau-2247,136,41,0
03August_2010_Tuesday_heute-7621,127,21,8
03March_2011_Thursday_tagesschau-7067,126,21,7
26August_2009_Wednesday_tagesschau-3222,49,13,5
05July_2011_Tuesday_tagesschau-6136,81,21,3
08July_2010_Thursday_tagesschau-5377,152,41,1
04July_2011_Monday_tagesschau-693,87,21,4
12January_2011_Wednesday_heute-6387,129,41,6
28October_2010_Thursday_heute-330,194,41,1
06August_2010_Friday_tagesschau-2180,143,41,5
17July_2009_Friday_tagesschau-5103,61,13,2
01June_2010_Tuesday_tagesschau-5011,90,21,2
07November_2010_Sunday_tagesschau-1978,96,21,6
24December_2010_Friday_tagesschau-5132,199,41,3
01February_2011_Tuesday_heute-4629,40,9,1
12September_2010_Sunday_tagesschau-3911,110,21,2
26January_2013_Saturday_tagesschau-7346,180,41,3
07October_2012_Sunday_tagesschau-3031,189,41,2
07December_2011_Wednesday_tagesschau-5397,142,41,4
28January_2013_Monday_tagesschau-3629,72,21,5
21October_2011_Friday_tagesschau-4110,94,21,3
20October_2009_Tuesday_tagesschau-3601,49,13,6
24January_2010_Sunday_tagesschau-8708,112,21,8
06August_2010_Friday_tagesschau-2176,137,41,5
13April_2010_Tuesday_tagesschau-2315,116,21,9
06August_2010_Friday_tagesschau-2184,124,21,0
07June_2010_Monday_tagesschau-1557,186,41,7
29March_2011_Tuesday_tagesschau-8120,117,21,6
06August_2010_Friday_tagesschau-2175,68,21,0
09February_2010_Tuesday_tagesschau-4498,169,41,4
20January_2011_Thursday_tagesschau-3078,165,41,3
18May_2010_Tuesday_heute-3361,45,13,2
18November_2009_Wednesday_tagesschau-5594,130,41,5
20November_2011_Sunday_tagesschau-547,144,41,8
12July_2011_Tuesday_heute-1273,187,41,1
23August_2010_Monday_heute-5318,117,21,2
02December_2011_Friday_tagesschau-8012,118,21,9
20December_2010_Monday_tagesschau-3206,89,21,2
06May_2011_Friday_tagesschau-6431,103,21,2
04October_2010_Monday_heute-5948,371,41,0
24August_2010_Tuesday_tagesschau-2194,92,21,6
17July_2009_Friday_tagesschau-5114,116,21,7
11January_2011_Tuesday_tagesschau-8029,124,21,3
21June_2011_Tuesday_tagesschau-1268,157,41,7
05April_2011_Tuesday_tagesschau-6427,84,21,1
08November_2010_Monday_heute-6880,234,41,5
17June_2010_Thursday_tagesschau-3906,91,21,5
30November_2011_Wednesday_tagesschau-6284,78,21,6
14June_2010_Monday_tagesschau-3702,58,13,4
24February_2011_Thursday_heute-6677,98,21,7
12September_2009_Saturday_tagesschau-6601,34,9,2
27August_2009_Thursday_tagesschau-3282,75,21,0
29August_2009_Saturday_tagesschau-5023,39,9,7
30October_2009_Friday_tagesschau-2268,150,41,3
23March_2011_Wednesday_tagesschau-8748,111,21,4
25March_2011_Friday_tagesschau-5829,85,21,7
17September_2010_Friday_tagesschau-3423,132,41,6
05May_2011_Thursday_heute-3739,45,13,3
23February_2011_Wednesday_tagesschau-158,123,21,4
22November_2009_Sunday_tagesschau-5487,50,13,8
23October_2010_Saturday_tagesschau-891,120,21,6
17May_2010_Monday_heute-5568,62,13,8
20November_2011_Sunday_tagesschau-542,119,21,0
22January_2011_Saturday_tagesschau-2083,99,21,1
09August_2011_Tuesday_heute-2642,204,41,5
29March_2011_Tuesday_tagesschau-8112,132,41,0
02June_2010_Wednesday_heute-6795,61,13,4
29December_2011_Thursday_tagesschau-2375,114,21,6
08April_2010_Thursday_tagesschau-3959,114,21,6
27October_2009_Tuesday_tagesschau-6150,128,21,0
25May_2010_Tuesday_tagesschau-1288,148,41,4
12May_2010_Wednesday_tagesschau-324,163,41,9
25November_2011_Friday_tagesschau-4397,138,41,5
08September_2010_Wednesday_tagesschau-5236,112,21,4
10April_2011_Sunday_tagesschau-1529,213,41,5
21May_2010_Friday_tagesschau-5098,142,41,8
25May_2010_Tuesday_heute-3758,77,21,6
06October_2011_Thursday_tagesschau-819,75,21,5
21August_2010_Saturday_tagesschau-8820,56,13,7
03December_2009_Thursday_tagesschau-7212,62,13,2
24August_2009_Monday_heute-6652,42,13,3
27April_2010_Tuesday_tagesschau-4509,74,21,3
16May_2010_Sunday_tagesschau-5230,88,21,3
18October_2009_Sunday_tagesschau-6682,89,21,2
20October_2010_Wednesday_heute-8498,150,41,6
31August_2010_Tuesday_heute-3174,30,9,0
30January_2013_Wednesday_tagesschau-468,152,41,1
06December_2011_Tuesday_heute-1541,111,21,5
29April_2010_Thursday_tagesschau-4880,43,13,3
26August_2009_Wednesday_heute-6550,87,21,0
12January_2011_Wednesday_heute-6391,84,21,5
17April_2010_Saturday_tagesschau-400,126,21,7
08July_2010_Thursday_tagesschau-5378,70,21,0
12September_2010_Sunday_tagesschau-3913,173,41,2
09July_2010_Friday_tagesschau-596,146,41,2
15February_2010_Monday_tagesschau-1849,50,13,4
11August_2011_Thursday_heute-3195,29,9,2
26April_2010_Monday_heute-3399,97,21,0
29September_2009_Tuesday_tagesschau-8533,69,21,8
05July_2010_Monday_heute-8686,32,9,7
20September_2010_Monday_tagesschau-7038,67,21,7
31August_2010_Tuesday_tagesschau-5167,92,21,9
04July_2009_Saturday_tagesschau-3344,124,21,9
09November_2010_Tuesday_tagesschau-753,82,21,3
28November_2011_Monday_tagesschau-159,108,21,1
06May_2010_Thursday_heute-1048,114,21,9
05October_2011_Wednesday_heute-1079,178,41,5
07June_2010_Monday_tagesschau-1563,147,41,4
18July_2010_Sunday_tagesschau-6224,142,41,2
07February_2011_Monday_heute-4668,117,21,1
05May_2011_Thursday_tagesschau-34,137,41,1
23February_2010_Tuesday_tagesschau-189,115,21,3
18October_2009_Sunday_tagesschau-6686,118,21,4
05December_2011_Monday_tagesschau-4168,103,21,7
03February_2011_Thursday_heute-618,123,21,2
21August_2011_Sunday_tagesschau-272,142,41,9
17May_2010_Monday_heute-5566,118,21,8
14September_2010_Tuesday_heute-8235,41,13,1
21June_2011_Tuesday_tagesschau-1269,206,41,8
28October_2010_Thursday_tagesschau-5924,157,41,1
23January_2011_Sunday_tagesschau-7828,73,21,1
12January_2010_Tuesday_heute-2548,48,13,7
08April_2010_Thursday_tagesschau-3954,126,21,4
19April_2011_Tuesday_heute-5336,274,41,7
01February_2011_Tuesday_tagesschau-4967,64,13,0
29November_2009_Sunday_tagesschau-7039,71,21,2
06June_2010_Sunday_tagesschau-6364,130,41,5
10August_2010_Tuesday_heute-1453,64,13,5
14September_2010_Tuesday_heute-8242,139,41,8
26February_2011_Saturday_tagesschau-3428,176,41,4
09November_2010_Tuesday_heute-5833,283,41,8
14July_2010_Wednesday_heute-6187,143,41,8
28December_2011_Wednesday_tagesschau-1908,221,41,7
30January_2011_Sunday_tagesschau-6348,100,21,3
06June_2010_Sunday_tagesschau-6370,91,21,2
24August_2010_Tuesday_tagesschau-2204,127,21,9
05May_2011_Thursday_tagesschau-33,123,21,5
09December_2009_Wednesday_tagesschau-2560,162,41,9
10August_2009_Monday_heute-6888,40,9,2
02February_2010_Tuesday_tagesschau-7950,143,41,5
09January_2010_Saturday_tagesschau-1920,194,41,2
14December_2009_Monday_tagesschau-2098,81,21,9
09December_2010_Thursday_heute-7549,145,41,8
29January_2013_Tuesday_tagesschau-878,89,21,2
06June_2010_Sunday_tagesschau-6367,102,21,1
06February_2010_Saturday_tagesschau-7368,157,41,6
11December_2010_Saturday_tagesschau-8658,153,41,8
10November_2009_Tuesday_tagesschau-7248,124,21,4
14February_2010_Sunday_tagesschau-3839,79,21,5
08April_2010_Thursday_heute-4003,94,21,5
02October_2010_Saturday_tagesschau-1312,56,13,0
23February_2010_Tuesday_heute-6253,89,21,8
07April_2010_Wednesday_tagesschau-6025,173,41,9
02February_2011_Wednesday_tagesschau-7450,144,41,2
02February_2010_Tuesday_tagesschau-7958,105,21,1
10August_2010_Tuesday_heute-1449,132,41,7
23December_2010_Thursday_tagesschau-1433,271,41,5
09December_2010_Thursday_heute-7560,68,21,6
17May_2010_Monday_heute-5572,202,41,3
09December_2009_Wednesday_heute-4743,52,13,7
22September_2010_Wednesday_tagesschau-3261,107,21,9
13January_2010_Wednesday_tagesschau-3825,45,13,9
05January_2011_Wednesday_heute-3540,126,21,1
21June_2011_Tuesday_tagesschau-1267,70,21,8
25July_2011_Monday_heute-8226,146,41,2
18September_2010_Saturday_tagesschau-4188,118,21,5
14July_2010_Wednesday_heute-6197,49,13,8
14July_2011_Thursday_heute-5863,115,21,6
16March_2011_Wednesday_tagesschau-2217,157,41,2
09July_2010_Friday_tagesschau-592,121,21,0
04October_2010_Monday_tagesschau-4717,234,41,7
28October_2010_Thursday_heute-333,116,21,3
07October_2010_Thursday_heute-8559,81,21,8
21April_2010_Wednesday_tagesschau-6234,124,21,9
02December_2009_Wednesday_tagesschau-4049,87,21,0
29June_2011_Wednesday_tagesschau-4488,123,21,0
12September_2010_Sunday_tagesschau-3916,56,13,6
23July_2010_Friday_tagesschau-583,156,41,7
07August_2009_Friday_tagesschau-6162,115,21,5
06April_2010_Tuesday_heute-5984,29,9,0
22June_2011_Wednesday_heute-4379,151,41,3
23August_2010_Monday_tagesschau-4431,135,41,1
28October_2010_Thursday_heute-329,100,21,2
10July_2009_Friday_tagesschau-1094,144,41,0
02December_2009_Wednesday_tagesschau-4041,185,41,2
30June_2009_Tuesday_tagesschau-2955,62,13,6
03October_2012_Wednesday_tagesschau-7653,199,41,8
03February_2011_Thursday_heute-602,77,21,8
22January_2010_Friday_tagesschau-909,149,41,4
07June_2010_Monday_heute-2321,123,21,5
11September_2010_Saturday_tagesschau-4997,137,41,7
30August_2011_Tuesday_heute-788,134,41,2
28October_2010_Thursday_heute-337,105,21,8
03December_2009_Thursday_tagesschau-7215,158,41,0
08July_2011_Friday_tagesschau-6726,107,21,3
19November_2011_Saturday_tagesschau-3685,122,21,2
11November_2009_Wednesday_tagesschau-8039,101,21,0
19October_2010_Tuesday_tagesschau-8285,134,41,2
14April_2010_Wednesday_heute-1887,203,41,5
04July_2011_Monday_tagesschau-703,161,41,2
30September_2009_Wednesday_tagesschau-1778,63,13,6
16November_2009_Monday_tagesschau-3097,103,21,3
13October_2009_Tuesday_tagesschau-1646,93,21,6
03October_2012_Wednesday_tagesschau-7665,66,21,6
31January_2013_Thursday_tagesschau-2714,89,21,9
24September_2010_Friday_tagesschau-216,35,9,3
07October_2010_Thursday_heute-8558,46,13,8
09February_2011_Wednesday_heute-7539,89,21,2
10April_2011_Sunday_tagesschau-1536,125,21,0
27October_2010_Wednesday_tagesschau-7466,142,41,8
07November_2010_Sunday_tagesschau-1981,105,21,8
27May_2010_Thursday_tagesschau-8383,122,21,6
14June_2010_Monday_heute-1596,162,41,1
11December_2009_Friday_tagesschau-3513,153,41,3
12January_2010_Tuesday_heute-2552,105,21,6
10April_2010_Saturday_tagesschau-4137,97,21,7
10December_2011_Saturday_tagesschau-5409,125,21,2
05September_2010_Sunday_tagesschau-3130,85,21,3
09May_2011_Monday_tagesschau-8580,120,21,7
19October_2010_Tuesday_tagesschau-8293,123,21,4
04January_2011_Tuesday_tagesschau-1058,144,41,4
05September_2010_Sunday_tagesschau-3138,176,41,9
11July_2009_Saturday_tagesschau-656,126,21,6
15December_2010_Wednesday_heute-6010,58,13,4
03July_2009_Friday_tagesschau-2010,145,41,4
30August_2010_Monday_tagesschau-2820,113,21,6
16January_2010_Saturday_tagesschau-8083,39,9,4
12November_2009_Thursday_tagesschau-6766,107,21,8
25January_2013_Friday_tagesschau-7812,151,41,0
14July_2010_Wednesday_heute-6188,62,13,9
19April_2011_Tuesday_heute-5343,133,41,2
09February_2011_Wednesday_heute-7543,202,41,6
07April_2011_Thursday_tagesschau-8107,135,41,9
31August_2010_Tuesday_tagesschau-5166,99,21,7
07February_2011_Monday_tagesschau-1611,312,41,6
23February_2011_Wednesday_heute-3776,147,41,9
09February_2011_Wednesday_heute-7535,96,21,5
27January_2013_Sunday_tagesschau-8839,55,13,3
29November_2011_Tuesday_tagesschau-5620,96,21,8
04April_2010_Sunday_tagesschau-4570,55,13,4
09May_2011_Monday_tagesschau-8577,193,41,3
20July_2010_Tuesday_heute-5252,79,21,6
12July_2011_Tuesday_heute-1276,124,21,3
09August_2010_Monday_tagesschau-2995,143,41,7
05July_2009_Sunday_tagesschau-4448,130,41,1
29December_2011_Thursday_tagesschau-2376,68,21,1
19July_2009_Sunday_tagesschau-1576,104,21,0
29November_2011_Tuesday_tagesschau-5611,113,21,9
17February_2011_Thursday_tagesschau-6312,110,21,5
11May_2010_Tuesday_tagesschau-1965,74,21,7
12July_2010_Monday_heute-259,55,13,7
23February_2011_Wednesday_tagesschau-149,81,21,8
25January_2011_Tuesday_tagesschau-2988,93,21,7
19October_2009_Monday_tagesschau-236,111,21,8
28January_2013_Monday_heute-8004,54,13,9
28February_2011_Monday_tagesschau-4985,168,41,2
13July_2009_Monday_tagesschau-7512,100,21,7
17February_2010_Wednesday_tagesschau-4930,121,21,9
23July_2009_Thursday_tagesschau-6754,80,21,6
12January_2011_Wednesday_tagesschau-1724,109,21,3
30March_2010_Tuesday_heute-7567,108,21,4
11October_2010_Monday_tagesschau-4614,123,21,5
30August_2010_Monday_tagesschau-2832,119,21,0
07October_2010_Thursday_heute-8562,99,21,0
04May_2010_Tuesday_heute-456,164,41,3
31March_2010_Wednesday_tagesschau-1005,57,13,9
22May_2010_Saturday_tagesschau-2739,87,21,6
21November_2010_Sunday_tagesschau-5669,138,41,3
07May_2011_Saturday_tagesschau-108,98,21,1
06June_2010_Sunday_tagesschau-6359,150,41,2
05February_2010_Friday_tagesschau-2914,206,41,2
23February_2010_Tuesday_tagesschau-198,110,21,6
30March_2010_Tuesday_tagesschau-5704,120,21,0
06October_2011_Thursday_tagesschau-826,100,21,4
03August_2010_Tuesday_tagesschau-2772,101,21,1
20January_2011_Thursday_tagesschau-3071,184,41,8
24January_2013_Thursday_heute-7262,111,21,5
23May_2011_Monday_heute-6463,141,41,2
28January_2013_Monday_tagesschau-3616,97,21,3
09August_2010_Monday_heute-5888,41,13,7
09August_2011_Tuesday_tagesschau-2582,213,41,7
14April_2010_Wednesday_heute-1882,160,41,6
10August_2011_Wednesday_tagesschau-6295,118,21,2
29May_2011_Sunday_tagesschau-759,76,21,2
05July_2009_Sunday_tagesschau-4445,82,21,2
28October_2010_Thursday_heute-334,117,21,0
13December_2009_Sunday_tagesschau-6809,121,21,4
29September_2012_Saturday_tagesschau-2960,68,21,1
12February_2010_Friday_tagesschau-130,216,41,2
12January_2011_Wednesday_heute-6389,208,41,9
02October_2012_Tuesday_tagesschau-2850,128,21,9
07October_2010_Thursday_heute-8570,137,41,0
12August_2010_Thursday_tagesschau-4409,189,41,5
28September_2012_Friday_tagesschau-921,119,21,4
05February_2011_Saturday_tagesschau-7861,124,21,0
28October_2010_Thursday_heute-331,83,21,8
14May_2010_Friday_tagesschau-4803,175,41,1
19November_2011_Saturday_tagesschau-3688,184,41,8
26May_2011_Thursday_tagesschau-4797,139,41,7
13September_2010_Monday_heute-7173,100,21,8
14June_2010_Monday_tagesschau-3706,128,21,8
22January_2011_Saturday_tagesschau-2073,143,41,7
06December_2011_Tuesday_heute-1549,148,41,8
19October_2010_Tuesday_heute-8049,254,41,7
04December_2011_Sunday_tagesschau-7793,100,21,3
06April_2010_Tuesday_heute-5974,99,21,1
28February_2011_Monday_tagesschau-4979,117,21,6
04April_2010_Sunday_tagesschau-4568,60,13,6
03July_2009_Friday_tagesschau-2006,91,21,7
05July_2010_Monday_heute-8696,186,41,0
24May_2011_Tuesday_heute-6071,127,21,0
12January_2011_Wednesday_heute-6386,101,21,0
27July_2010_Tuesday_tagesschau-6054,124,21,9
12September_2010_Sunday_tagesschau-3914,42,13,5
28July_2010_Wednesday_tagesschau-862,71,21,3
03October_2010_Sunday_tagesschau-5768,127,21,1
22September_2010_Wednesday_heute-2622,160,41,2
14April_2010_Wednesday_tagesschau-3812,163,41,5
23February_2011_Wednesday_heute-3768,48,13,6
11January_2011_Tuesday_heute-8175,227,41,5
26May_2010_Wednesday_tagesschau-6719,198,41,7
28September_2010_Tuesday_heute-8354,144,41,2
16June_2010_Wednesday_heute-8312,80,21,8
07February_2010_Sunday_tagesschau-502,66,21,4
02March_2011_Wednesday_tagesschau-4710,112,21,6
26October_2010_Tuesday_tagesschau-5785,71,21,0
04October_2010_Monday_tagesschau-4720,153,41,4
07December_2011_Wednesday_heute-7807,162,41,2
28January_2013_Monday_heute-8006,37,9,4
03October_2012_Wednesday_tagesschau-7658,56,13,6
27August_2009_Thursday_tagesschau-3281,32,9,2
10December_2009_Thursday_heute-7946,74,21,0
27February_2010_Saturday_tagesschau-7770,118,21,4
13November_2009_Friday_tagesschau-8609,138,41,9
07May_2011_Saturday_tagesschau-112,178,41,8
18January_2010_Monday_tagesschau-4018,143,41,8
19September_2010_Sunday_tagesschau-3798,76,21,1
04December_2010_Saturday_tagesschau-4839,87,21,6
05April_2010_Monday_tagesschau-3555,169,41,7
12December_2011_Monday_tagesschau-8275,32,9,1
05December_2011_Monday_heute-7429,84,21,4
29August_2009_Saturday_tagesschau-5027,100,21,3
18January_2010_Monday_heute-3855,120,21,7
02December_2010_Thursday_heute-8452,44,13,8
25October_2010_Monday_heute-2045,198,41,3
10April_2011_Sunday_tagesschau-1525,112,21,7
09February_2010_Tuesday_tagesschau-4501,209,41,1
22November_2011_Tuesday_heute-4657,44,13,8
05June_2010_Saturday_tagesschau-3931,196,41,3
24February_2011_Thursday_tagesschau-4764,79,21,0
09August_2011_Tuesday_heute-2645,259,41,1
23September_2010_Thursday_heute-6482,40,9,9
25April_2010_Sunday_tagesschau-4948,125,21,7
11February_2011_Friday_tagesschau-7763,58,13,4
15February_2011_Tuesday_heute-7912,188,41,8
26February_2011_Saturday_tagesschau-3434,104,21,7
20January_2011_Thursday_tagesschau-3068,116,21,0
23September_2010_Thursday_tagesschau-3442,47,13,7
03June_2011_Friday_tagesschau-7639,168,41,5
30September_2012_Sunday_tagesschau-4027,95,21,7
24December_2010_Friday_tagesschau-5137,65,13,2
28July_2011_Thursday_tagesschau-8524,105,21,5
15December_2010_Wednesday_heute-6022,62,13,3
27September_2009_Sunday_tagesschau-2168,93,21,3
27May_2010_Thursday_heute-1238,69,21,2
24April_2010_Saturday_tagesschau-3966,153,41,3
01April_2010_Thursday_heute-6701,57,13,3
29September_2011_Thursday_tagesschau-7233,99,21,9
01February_2011_Tuesday_heute-4639,156,41,7
18December_2010_Saturday_tagesschau-6119,125,21,1
18January_2011_Tuesday_tagesschau-6988,153,41,5
22October_2010_Friday_tagesschau-2413,137,41,2
10August_2009_Monday_heute-6900,81,21,0
21March_2011_Monday_tagesschau-4425,153,41,6
29September_2011_Thursday_heute-4226,168,41,9
02November_2010_Tuesday_tagesschau-2029,89,21,5
16December_2011_Friday_tagesschau-6537,106,21,2
16February_2010_Tuesday_tagesschau-6101,75,21,5
16July_2011_Saturday_tagesschau-7530,121,21,2
10August_2010_Tuesday_tagesschau-3873,79,21,5
02December_2010_Thursday_tagesschau-3640,144,41,1
26May_2011_Thursday_tagesschau-4789,79,21,2
11May_2010_Tuesday_tagesschau-1968,133,41,0
09December_2009_Wednesday_tagesschau-2556,36,9,4
24June_2010_Thursday_tagesschau-7306,196,41,4
06May_2011_Friday_tagesschau-6429,117,21,6
25November_2009_Wednesday_tagesschau-7672,62,13,3
23July_2009_Thursday_tagesschau-6762,58,13,0
01July_2010_Thursday_tagesschau-8798,100,21,2
26May_2011_Thursday_tagesschau-4786,113,21,8
22December_2010_Wednesday_tagesschau-5061,105,21,7
17January_2010_Sunday_tagesschau-5560,169,41,1
14December_2010_Tuesday_heute-643,65,13,8
05October_2010_Tuesday_tagesschau-4243,62,13,2
23December_2010_Thursday_tagesschau-1437,102,21,3
23November_2011_Wednesday_tagesschau-983,121,21,8
31August_2010_Tuesday_heute-3172,179,41,7
20October_2010_Wednesday_tagesschau-8207,102,21,8
17June_2010_Thursday_tagesschau-3907,109,21,8
07June_2010_Monday_heute-2323,189,41,3
13September_2010_Monday_tagesschau-4597,204,41,7
25April_2010_Sunday_tagesschau-4946,160,41,0
28May_2011_Saturday_tagesschau-2595,99,21,4
20October_2011_Thursday_tagesschau-507,135,41,8
09December_2009_Wednesday_heute-4752,97,21,7
04July_2009_Saturday_tagesschau-3338,142,41,7
04May_2010_Tuesday_tagesschau-7844,137,41,7
01July_2010_Thursday_tagesschau-8789,110,21,4
03June_2011_Friday_tagesschau-7642,127,21,4
12March_2011_Saturday_tagesschau-2457,84,21,3
17April_2011_Sunday_tagesschau-2161,132,41,1
07December_2010_Tuesday_heute-5629,129,41,2
08July_2011_Friday_tagesschau-6733,140,41,3
28November_2011_Monday_tagesschau-169,111,21,7
04July_2009_Saturday_tagesschau-3342,116,21,7
23April_2010_Friday_tagesschau-3669,78,21,1
20October_2009_Tuesday_tagesschau-3592,139,41,6
15December_2010_Wednesday_tagesschau-42,84,21,3
01June_2011_Wednesday_tagesschau-6946,106,21,8
28April_2010_Wednesday_heute-5189,118,21,0
14December_2009_Monday_tagesschau-2097,48,13,2
06January_2011_Thursday_tagesschau-5640,159,41,3
27October_2009_Tuesday_tagesschau-6156,142,41,7
16February_2010_Tuesday_tagesschau-6102,54,13,2
28January_2013_Monday_heute-7996,132,41,9
04October_2010_Monday_heute-5947,368,41,4
25January_2011_Tuesday_tagesschau-2992,129,41,2
19October_2010_Tuesday_tagesschau-8297,57,13,4
11April_2010_Sunday_tagesschau-8636,162,41,0
21July_2010_Wednesday_tagesschau-7373,60,13,8
30November_2010_Tuesday_tagesschau-4623,124,21,4
20October_2010_Wednesday_heute-8496,97,21,3
27November_2011_Sunday_tagesschau-5152,79,21,2
24August_2009_Monday_heute-6639,57,13,5
27February_2011_Sunday_tagesschau-6117,176,41,5
29November_2009_Sunday_tagesschau-7041,70,21,2
30November_2010_Tuesday_tagesschau-4622,105,21,7
21November_2009_Saturday_tagesschau-4912,109,21,2
11October_2010_Monday_tagesschau-4613,162,41,4
09November_2010_Tuesday_heute-5837,176,41,5
18November_2011_Friday_tagesschau-2148,171,41,8
24May_2011_Tuesday_heute-6066,151,41,6
13September_2010_Monday_heute-7170,34,9,1
18January_2010_Monday_tagesschau-4019,128,21,5
15July_2011_Friday_tagesschau-8722,154,41,3
18April_2010_Sunday_tagesschau-6657,92,21,0
19August_2010_Thursday_tagesschau-997,35,9,7
05September_2009_Saturday_tagesschau-4088,172,41,0
11September_2009_Friday_tagesschau-8779,35,9,7
23January_2011_Sunday_tagesschau-7830,139,41,7
02September_2010_Thursday_tagesschau-8363,122,21,5
22February_2010_Monday_tagesschau-3242,60,13,2
28September_2010_Tuesday_tagesschau-346,98,21,8
18May_2010_Tuesday_tagesschau-3583,114,21,0
07April_2011_Thursday_tagesschau-8103,128,21,7
07October_2010_Thursday_tagesschau-4118,83,21,3
30March_2010_Tuesday_tagesschau-5702,95,21,4
05February_2010_Friday_tagesschau-2917,70,21,0
11February_2011_Friday_tagesschau-7757,117,21,9
26April_2010_Monday_heute-3397,62,13,1
04March_2011_Friday_tagesschau-2844,150,41,3
25August_2009_Tuesday_heute-3318,101,21,7
22February_2010_Monday_tagesschau-3254,37,9,7
27June_2010_Sunday_tagesschau-7388,209,41,8
03April_2010_Saturday_tagesschau-2980,110,21,4
09August_2011_Tuesday_tagesschau-2587,42,13,4
17February_2010_Wednesday_heute-1487,129,41,8
05September_2009_Saturday_tagesschau-4083,202,41,5
23May_2011_Monday_heute-6456,195,41,7
02October_2012_Tuesday_heute-3495,255,41,1
03February_2011_Thursday_heute-607,143,41,7
03July_2009_Friday_tagesschau-2002,49,13,0
04July_2011_Monday_tagesschau-698,223,41,1
19September_2010_Sunday_tagesschau-3806,243,41,1
04January_2010_Monday_tagesschau-8556,73,21,0
28December_2011_Wednesday_tagesschau-1916,118,21,5
09August_2011_Tuesday_tagesschau-2590,126,21,6
10August_2009_Monday_heute-6896,120,21,7
24May_2010_Monday_tagesschau-3144,194,41,0
19August_2010_Thursday_tagesschau-987,132,41,0
17April_2010_Saturday_tagesschau-405,147,41,6
20April_2011_Wednesday_tagesschau-3092,207,41,9
24August_2010_Tuesday_tagesschau-2200,70,21,6
02June_2010_Wednesday_heute-6794,238,41,4
18January_2010_Monday_heute-3847,130,41,4
24January_2011_Monday_tagesschau-3722,97,21,5
18December_2010_Saturday_tagesschau-6123,104,21,8
18October_2010_Monday_tagesschau-6748,242,41,2
14April_2010_Wednesday_heute-1891,262,41,8
13July_2011_Wednesday_tagesschau-7986,96,21,6
20December_2010_Monday_tagesschau-3207,147,41,1
12December_2010_Sunday_tagesschau-5608,84,21,1
06October_2012_Saturday_tagesschau-8734,59,13,9
18November_2011_Friday_tagesschau-2147,96,21,2
20June_2011_Monday_heute-6518,111,21,1
05July_2010_Monday_heute-8702,49,13,7
02March_2011_Wednesday_tagesschau-4713,50,13,1
13December_2009_Sunday_tagesschau-6817,133,41,4
25January_2010_Monday_heute-1470,218,41,8
06June_2010_Sunday_tagesschau-6365,125,21,9
18January_2011_Tuesday_tagesschau-6995,112,21,6
09July_2011_Saturday_tagesschau-3287,99,21,2
15February_2010_Monday_tagesschau-1836,113,21,4
27April_2010_Tuesday_tagesschau-4513,145,41,3
08April_2010_Thursday_heute-4012,223,41,5
27April_2010_Tuesday_heute-1033,111,21,6
24September_2010_Friday_tagesschau-203,94,21,2
26August_2009_Wednesday_tagesschau-3220,31,9,8
27October_2009_Tuesday_tagesschau-6159,110,21,1
23July_2009_Thursday_tagesschau-6756,114,21,1
10January_2010_Sunday_tagesschau-482,177,41,3
28November_2011_Monday_tagesschau-166,112,21,3
08October_2009_Thursday_tagesschau-5355,38,9,5
09February_2011_Wednesday_heute-7533,39,9,6
22March_2011_Tuesday_tagesschau-4961,117,21,3
28July_2010_Wednesday_tagesschau-868,101,21,4
28January_2010_Thursday_tagesschau-2813,186,41,5
06September_2010_Monday_tagesschau-1152,45,13,8
30March_2010_Tuesday_heute-7573,231,41,9
15December_2010_Wednesday_tagesschau-44,136,41,8
18January_2010_Monday_heute-3858,114,21,6
04July_2010_Sunday_tagesschau-7200,97,21,2
27May_2010_Thursday_heute-1229,103,21,7
20June_2011_Monday_tagesschau-1255,146,41,5
13December_2009_Sunday_tagesschau-6816,111,21,3
13October_2009_Tuesday_tagesschau-1647,112,21,0
07August_2009_Friday_tagesschau-6161,76,21,2
15February_2011_Tuesday_heute-7913,87,21,2
04January_2010_Monday_tagesschau-8557,113,21,0
15December_2009_Tuesday_tagesschau-6961,75,21,5
08December_2009_Tuesday_tagesschau-1941,82,21,6
22February_2010_Monday_tagesschau-3241,89,21,5
17January_2011_Monday_tagesschau-6999,102,21,6
07May_2010_Friday_tagesschau-3606,211,41,4
01December_2011_Thursday_tagesschau-3469,185,41,6
15February_2011_Tuesday_heute-7914,134,41,6
07September_2010_Tuesday_tagesschau-1959,122,21,3
20February_2010_Saturday_tagesschau-7889,86,21,2
18July_2010_Sunday_tagesschau-6222,155,41,6
03September_2010_Friday_tagesschau-8435,163,41,8
24May_2011_Tuesday_heute-6065,169,41,0
29January_2010_Friday_tagesschau-6497,48,13,9
09February_2011_Wednesday_heute-7546,36,9,0
11August_2011_Thursday_heute-3189,66,21,6
04May_2010_Tuesday_heute-462,41,13,0
01July_2011_Friday_tagesschau-2764,131,41,2
26October_2009_Monday_tagesschau-1400,131,41,8
12December_2011_Monday_tagesschau-8271,105,21,0
14December_2010_Tuesday_tagesschau-8461,104,21,2
28April_2010_Wednesday_heute-5182,126,21,7
28February_2011_Monday_tagesschau-4981,108,21,1
24July_2011_Sunday_tagesschau-6629,196,41,1
06November_2010_Saturday_tagesschau-1161,170,41,7
12January_2011_Wednesday_heute-6395,75,21,9
16June_2010_Wednesday_heute-8322,144,41,2
22November_2011_Tuesday_tagesschau-3652,155,41,5
09August_2009_Sunday_tagesschau-1184,171,41,0
07December_2009_Monday_tagesschau-7097,78,21,2
29December_2011_Thursday_tagesschau-2369,72,21,9
07May_2010_Friday_tagesschau-3605,120,21,1
24July_2011_Sunday_tagesschau-6623,125,21,8
28May_2011_Saturday_tagesschau-2605,102,21,1
08July_2010_Thursday_tagesschau-5380,90,21,7
09August_2010_Monday_tagesschau-2997,118,21,3
12January_2011_Wednesday_tagesschau-1728,144,41,2
06December_2009_Sunday_tagesschau-5509,75,21,8
25July_2010_Sunday_tagesschau-4777,78,21,7
30November_2010_Tuesday_tagesschau-4627,112,21,0
16June_2010_Wednesday_heute-8314,139,41,1
29September_2009_Tuesday_tagesschau-8543,131,41,9
27April_2010_Tuesday_heute-1032,135,41,3
07April_2011_Thursday_tagesschau-8105,98,21,8
14September_2010_Tuesday_tagesschau-5214,163,41,3
14September_2010_Tuesday_tagesschau-5211,94,21,0
17May_2010_Monday_heute-5562,45,13,3
15February_2010_Monday_tagesschau-1842,58,13,3
14September_2010_Tuesday_heute-8252,52,13,2
25January_2011_Tuesday_tagesschau-2990,122,21,8
28September_2009_Monday_tagesschau-4671,117,21,4
06January_2010_Wednesday_tagesschau-7725,128,21,6
16December_2009_Wednesday_tagesschau-5919,81,21,0
18January_2011_Tuesday_tagesschau-6993,45,13,7
30January_2013_Wednesday_tagesschau-467,65,13,8
14December_2010_Tuesday_heute-644,212,41,7
29September_2009_Tuesday_tagesschau-8532,181,41,7
17April_2011_Sunday_tagesschau-2157,117,21,9
25May_2010_Tuesday_heute-3753,64,13,7
13November_2009_Friday_tagesschau-8603,132,41,2
01June_2010_Tuesday_heute-6613,105,21,8
27May_2010_Thursday_tagesschau-8373,99,21,7
10August_2010_Tuesday_heute-1445,104,21,8
07December_2010_Tuesday_heute-5630,126,21,8
22July_2009_Wednesday_tagesschau-2876,100,21,1
20December_2010_Monday_tagesschau-3210,77,21,9
11February_2010_Thursday_tagesschau-8758,104,21,4
11January_2011_Tuesday_heute-8173,152,41,3
28January_2010_Thursday_heute-2892,205,41,3
07December_2011_Wednesday_heute-7810,47,13,2
01August_2011_Monday_heute-4858,82,21,5
12February_2010_Friday_tagesschau-131,176,41,6
22May_2010_Saturday_tagesschau-2737,148,41,8
31January_2011_Monday_tagesschau-671,227,41,9
24March_2011_Thursday_tagesschau-3941,88,21,3
03February_2011_Thursday_heute-600,47,13,3
31August_2010_Tuesday_tagesschau-5178,153,41,1
09November_2010_Tuesday_heute-5830,41,13,4
02December_2009_Wednesday_tagesschau-4051,99,21,0
04September_2010_Saturday_tagesschau-7317,90,21,1
30September_2009_Wednesday_tagesschau-1779,107,21,1
08January_2010_Friday_tagesschau-3985,120,21,5
07October_2012_Sunday_tagesschau-3030,66,21,2
06May_2010_Thursday_heute-1056,50,13,9
18February_2011_Friday_tagesschau-6826,136,41,6
07October_2010_Thursday_heute-8572,156,41,1
01May_2010_Saturday_tagesschau-7185,122,21,1
20February_2010_Saturday_tagesschau-7893,113,21,9
08December_2009_Tuesday_heute-4204,64,13,4
29September_2010_Wednesday_tagesschau-1786,73,21,5
11August_2009_Tuesday_tagesschau-4348,78,21,3
15November_2009_Sunday_tagesschau-1417,103,21,2
30March_2011_Wednesday_tagesschau-7129,135,41,7
13April_2011_Wednesday_tagesschau-1685,101,21,2
08January_2010_Friday_tagesschau-3986,36,9,4
09August_2009_Sunday_tagesschau-1185,82,21,1
05June_2010_Saturday_tagesschau-3930,224,41,4
09September_2010_Thursday_tagesschau-4367,176,41,4
25October_2010_Monday_tagesschau-19,103,21,0
31July_2010_Saturday_tagesschau-2494,113,21,6
12February_2010_Friday_tagesschau-122,110,21,1
06January_2010_Wednesday_tagesschau-7734,96,21,1
09June_2010_Wednesday_tagesschau-5963,73,21,8
29June_2010_Tuesday_tagesschau-7702,179,41,9
13July_2010_Tuesday_heute-4818,194,41,3
08June_2010_Tuesday_heute-1985,39,9,2
27January_2013_Sunday_tagesschau-8841,77,21,0
11October_2010_Monday_tagesschau-4608,134,41,3
19July_2009_Sunday_tagesschau-1575,139,41,3
13August_2011_Saturday_tagesschau-1404,97,21,6
06July_2009_Monday_tagesschau-2108,79,21,4
11February_2010_Thursday_tagesschau-8763,200,41,7
05July_2011_Tuesday_tagesschau-6143,173,41,0
22April_2010_Thursday_heute-2122,129,41,9
02June_2010_Wednesday_heute-6782,120,21,4
12July_2011_Tuesday_heute-1278,128,21,2
30May_2010_Sunday_tagesschau-4158,85,21,5
24November_2011_Thursday_heute-228,48,13,4
21January_2011_Friday_tagesschau-4891,106,21,2
04January_2010_Monday_heute-7403,178,41,4
11September_2010_Saturday_tagesschau-4991,114,21,1
10February_2010_Wednesday_tagesschau-2521,102,21,1
21November_2011_Monday_tagesschau-2259,217,41,8
28September_2012_Friday_tagesschau-923,118,21,9
25November_2010_Thursday_tagesschau-2535,50,13,2
11February_2010_Thursday_tagesschau-8770,102,21,6
07October_2012_Sunday_tagesschau-3038,70,21,3
10January_2011_Monday_heute-1376,131,41,7
28October_2010_Thursday_tagesschau-5921,89,21,4
27April_2010_Tuesday_tagesschau-4508,84,21,2
30July_2010_Friday_tagesschau-1518,71,21,9
24August_2010_Tuesday_heute-3014,114,21,9
01August_2011_Monday_heute-4867,57,13,8
04June_2010_Friday_tagesschau-1175,174,41,9
08December_2009_Tuesday_heute-4221,30,9,5
07February_2011_Monday_heute-4667,214,41,4
06May_2010_Thursday_tagesschau-5742,127,21,4
10August_2009_Monday_heute-6898,75,21,2
26February_2011_Saturday_tagesschau-3431,118,21,2
05August_2010_Thursday_tagesschau-4260,127,21,7
12July_2009_Sunday_tagesschau-2572,100,21,9
08April_2010_Thursday_tagesschau-3948,83,21,7
11July_2011_Monday_tagesschau-848,161,41,9
24June_2010_Thursday_tagesschau-7310,121,21,7
05January_2011_Wednesday_tagesschau-2250,150,41,0
26June_2010_Saturday_tagesschau-727,118,21,7
19March_2011_Saturday_tagesschau-4687,111,21,1
02December_2009_Wednesday_tagesschau-4047,139,41,9
27January_2013_Sunday_tagesschau-8832,117,21,7
09January_2010_Saturday_tagesschau-1925,67,21,9
29September_2010_Wednesday_tagesschau-1794,161,41,4
13July_2009_Monday_tagesschau-7506,89,21,8
30August_2010_Monday_tagesschau-2825,182,41,3
21August_2011_Sunday_tagesschau-269,94,21,4
31March_2010_Wednesday_tagesschau-1001,159,41,9
06October_2011_Thursday_heute-5533,150,41,8
29November_2011_Tuesday_heute-8085,173,41,6
09May_2011_Monday_tagesschau-8578,102,21,7
23January_2013_Wednesday_tagesschau-430,58,13,2
12July_2010_Monday_heute-248,55,13,1
22June_2011_Wednesday_heute-4388,38,9,9
11February_2011_Friday_tagesschau-7760,75,21,7
15March_2011_Tuesday_tagesschau-3323,148,41,1
14July_2010_Wednesday_heute-6180,51,13,2
26February_2011_Saturday_tagesschau-3435,88,21,9
11August_2011_Thursday_heute-3196,44,13,4
04December_2011_Sunday_tagesschau-7780,94,21,6
08June_2010_Tuesday_heute-1991,100,21,8
24August_2010_Tuesday_heute-3018,63,13,4
24June_2010_Thursday_tagesschau-7313,97,21,8
23April_2010_Friday_tagesschau-3663,63,13,3
12July_2010_Monday_heute-258,157,41,1
21March_2011_Monday_tagesschau-4419,188,41,9
08July_2010_Thursday_tagesschau-5381,137,41,8
26April_2010_Monday_tagesschau-7270,128,21,3
06May_2010_Thursday_tagesschau-5741,191,41,4
22September_2010_Wednesday_heute-2614,159,41,4
15June_2010_Tuesday_tagesschau-89,45,13,1
25March_2011_Friday_tagesschau-5824,105,21,9
11May_2010_Tuesday_tagesschau-1966,230,41,2
05April_2011_Tuesday_heute-5123,250,41,7
30January_2010_Saturday_tagesschau-1690,107,21,1
06October_2011_Thursday_tagesschau-828,75,21,2
24March_2011_Thursday_heute-6376,96,21,2
17January_2011_Monday_tagesschau-7008,138,41,6
23August_2010_Monday_tagesschau-4428,155,41,8
03February_2010_Wednesday_heute-2349,136,41,2
04May_2010_Tuesday_heute-461,84,21,1
12April_2011_Tuesday_tagesschau-684,130,41,1
21August_2011_Sunday_tagesschau-261,96,21,6
12December_2011_Monday_heute-5803,118,21,4
24April_2010_Saturday_tagesschau-3968,178,41,9
06July_2009_Monday_tagesschau-2106,66,21,0
20January_2011_Thursday_tagesschau-3069,142,41,0
28December_2011_Wednesday_tagesschau-1907,121,21,2
28January_2013_Monday_tagesschau-3619,38,9,0
30April_2010_Friday_tagesschau-2023,117,21,5
17April_2010_Saturday_tagesschau-397,73,21,0
13February_2010_Saturday_tagesschau-6043,146,41,7
23March_2011_Wednesday_tagesschau-8747,122,21,1
24February_2011_Thursday_tagesschau-4762,157,41,1
05October_2010_Tuesday_tagesschau-4240,143,41,1
29March_2010_Monday_tagesschau-8398,222,41,5
20May_2010_Thursday_tagesschau-3160,135,41,1
01September_2010_Wednesday_tagesschau-5043,110,21,7
24July_2010_Saturday_tagesschau-6344,117,21,1
05January_2011_Wednesday_tagesschau-2251,87,21,4
19April_2010_Monday_heute-775,131,41,7
01June_2010_Tuesday_heute-6611,78,21,8
07September_2010_Tuesday_tagesschau-1946,146,41,3
05April_2011_Tuesday_tagesschau-6418,122,21,2
17February_2011_Thursday_heute-394,37,9,8
06September_2010_Monday_tagesschau-1151,68,21,9
23February_2011_Wednesday_tagesschau-153,141,41,5
24January_2011_Monday_tagesschau-3714,95,21,1
11November_2009_Wednesday_tagesschau-8036,137,41,9
30November_2009_Monday_tagesschau-5748,136,41,0
08April_2010_Thursday_tagesschau-3958,69,21,1
29September_2012_Saturday_tagesschau-2964,143,41,9
02February_2010_Tuesday_tagesschau-7960,191,41,7
06December_2010_Monday_heute-6209,145,41,7
14February_2010_Sunday_tagesschau-3843,165,41,9
29November_2011_Tuesday_heute-8091,214,41,2
29May_2011_Sunday_tagesschau-760,102,21,2
23September_2010_Thursday_tagesschau-3445,140,41,4
20July_2010_Tuesday_tagesschau-7876,126,21,1
22October_2009_Thursday_tagesschau-1131,108,21,2
15February_2011_Tuesday_tagesschau-7472,165,41,6
20October_2010_Wednesday_heute-8502,132,41,7
09May_2011_Monday_tagesschau-8581,95,21,5
17June_2010_Thursday_tagesschau-3901,111,21,0
18May_2010_Tuesday_tagesschau-3582,118,21,1
04July_2010_Sunday_tagesschau-7203,103,21,4
05February_2011_Saturday_tagesschau-7859,99,21,8
03February_2011_Thursday_tagesschau-935,125,21,7
24February_2011_Thursday_tagesschau-4770,113,21,5
21April_2010_Wednesday_heute-3114,94,21,3
24August_2010_Tuesday_tagesschau-2201,179,41,4
06April_2010_Tuesday_heute-5982,176,41,2
07January_2010_Thursday_tagesschau-2304,181,41,5
06July_2010_Tuesday_tagesschau-2656,174,41,5
01October_2012_Monday_heute-446,98,21,5
21November_2009_Saturday_tagesschau-4901,136,41,4
24May_2011_Tuesday_tagesschau-4478,187,41,3
14September_2010_Tuesday_heute-8244,168,41,0
01October_2012_Monday_tagesschau-5363,127,21,8
25July_2010_Sunday_tagesschau-4775,83,21,3
11July_2009_Saturday_tagesschau-660,94,21,9
17July_2009_Friday_tagesschau-5102,121,21,5
18May_2010_Tuesday_heute-3369,132,41,4
20February_2011_Sunday_tagesschau-3165,199,41,0
19March_2011_Saturday_tagesschau-4695,81,21,9
15February_2011_Tuesday_heute-7904,103,21,8
30January_2013_Wednesday_tagesschau-466,127,21,1
01July_2011_Friday_tagesschau-2769,157,41,1
06December_2011_Tuesday_heute-1551,94,21,6
31August_2010_Tuesday_tagesschau-5171,48,13,1
18January_2010_Monday_tagesschau-4017,193,41,7
23November_2011_Wednesday_heute-2395,153,41,7
31January_2011_Monday_heute-3042,204,41,1
06March_2011_Sunday_tagesschau-3894,175,41,9
08April_2010_Thursday_heute-4002,105,21,0
08May_2010_Saturday_tagesschau-185,129,41,6
11May_2010_Tuesday_tagesschau-1961,89,21,2
02November_2010_Tuesday_heute-2750,197,41,6
26May_2010_Wednesday_heute-7869,128,21,7
26October_2009_Monday_tagesschau-1395,108,21,9
24April_2010_Saturday_tagesschau-3975,47,13,6
16June_2010_Wednesday_heute-8325,126,21,7
17October_2009_Saturday_tagesschau-2135,101,21,1
23July_2011_Saturday_tagesschau-5505,32,9,5
22October_2009_Thursday_tagesschau-1138,38,9,9
12August_2009_Wednesday_tagesschau-1807,103,21,6
10April_2011_Sunday_tagesschau-1528,126,21,4
02November_2010_Tuesday_heute-2752,100,21,0
04May_2010_Tuesday_tagesschau-7838,127,21,4
03June_2010_Thursday_tagesschau-2631,156,41,2
24March_2011_Thursday_tagesschau-3934,96,21,8
19February_2010_Friday_tagesschau-4095,152,41,6
04July_2011_Monday_heute-6446,215,41,3
05May_2011_Thursday_tagesschau-26,208,41,1
23February_2010_Tuesday_tagesschau-196,104,21,8
06May_2011_Friday_tagesschau-6439,93,21,8
23February_2011_Wednesday_tagesschau-157,155,41,4
20October_2011_Thursday_tagesschau-510,40,9,5
15May_2010_Saturday_tagesschau-5660,102,21,0
04May_2011_Wednesday_heute-3998,74,21,6
05May_2011_Thursday_heute-3750,233,41,4
16September_2010_Thursday_tagesschau-6269,98,21,4
21July_2010_Wednesday_tagesschau-7372,110,21,1
03August_2010_Tuesday_heute-7612,233,41,3
19November_2011_Saturday_tagesschau-3693,113,21,1
06July_2009_Monday_tagesschau-2102,97,21,8
20September_2010_Monday_heute-2926,189,41,8
06June_2010_Sunday_tagesschau-6360,60,13,5
26September_2010_Sunday_tagesschau-5943,158,41,6
20November_2009_Friday_tagesschau-6569,133,41,4
29January_2013_Tuesday_tagesschau-880,38,9,9
14December_2010_Tuesday_tagesschau-8455,171,41,1
14December_2010_Tuesday_tagesschau-8464,102,21,2
15February_2011_Tuesday_heute-7905,222,41,6
15October_2009_Thursday_tagesschau-7712,53,13,6
06February_2011_Sunday_tagesschau-6918,155,41,6
09August_2010_Monday_heute-5904,138,41,7
16April_2010_Friday_tagesschau-6580,220,41,6
05October_2010_Tuesday_heute-1222,103,21,2
01February_2011_Tuesday_tagesschau-4964,125,21,5
05April_2010_Monday_tagesschau-3554,70,21,7
03June_2010_Thursday_tagesschau-2637,172,41,6
25August_2010_Wednesday_tagesschau-8510,99,21,3
03July_2011_Sunday_tagesschau-1664,132,41,2
25May_2010_Tuesday_tagesschau-1293,126,21,8
23January_2011_Sunday_tagesschau-7829,116,21,3
12July_2010_Monday_tagesschau-369,114,21,9
14April_2010_Wednesday_tagesschau-3814,90,21,0
20May_2010_Thursday_tagesschau-3158,150,41,8
26August_2009_Wednesday_tagesschau-3221,58,13,0
19February_2011_Saturday_tagesschau-5283,111,21,0
10August_2010_Tuesday_tagesschau-3867,69,21,2
15July_2011_Friday_tagesschau-8719,136,41,4
06December_2010_Monday_heute-6200,55,13,8
24January_2010_Sunday_tagesschau-8706,212,41,5
03February_2011_Thursday_tagesschau-931,84,21,6
10August_2009_Monday_heute-6905,37,9,9
06October_2012_Saturday_tagesschau-8738,114,21,5
01February_2011_Tuesday_heute-4634,77,21,8
20September_2010_Monday_heute-2941,75,21,0
31January_2011_Monday_tagesschau-674,167,41,1
06July_2010_Tuesday_tagesschau-2663,148,41,9
08May_2010_Saturday_tagesschau-177,96,21,5
04September_2010_Saturday_tagesschau-7316,133,41,7
28May_2011_Saturday_tagesschau-2600,121,21,0
04February_2010_Thursday_heute-7973,30,9,3
12March_2011_Saturday_tagesschau-2450,179,41,6
29August_2009_Saturday_tagesschau-5028,103,21,3
04December_2010_Saturday_tagesschau-4840,116,21,3
25February_2011_Friday_tagesschau-570,124,21,5
25August_2009_Tuesday_tagesschau-7095,109,21,3
29January_2011_Saturday_tagesschau-8646,155,41,2
13April_2010_Tuesday_tagesschau-2316,49,13,6
21November_2010_Sunday_tagesschau-5670,108,21,3
26April_2010_Monday_tagesschau-7278,146,41,9
15October_2009_Thursday_tagesschau-7724,110,21,3
11July_2009_Saturday_tagesschau-661,65,13,3
01October_2009_Thursday_tagesschau-408,104,21,5
17January_2010_Sunday_tagesschau-5553,114,21,3
16July_2011_Saturday_tagesschau-7521,109,21,9
13May_2010_Thursday_tagesschau-7923,96,21,0
31August_2010_Tuesday_tagesschau-5176,101,21,9
21July_2010_Wednesday_tagesschau-7378,96,21,6
23December_2010_Thursday_tagesschau-1439,147,41,6
27October_2010_Wednesday_tagesschau-7458,124,21,0
05December_2011_Monday_tagesschau-4170,72,21,7
22July_2010_Thursday_tagesschau-8197,211,41,4
16February_2010_Tuesday_tagesschau-6103,98,21,2
13January_2010_Wednesday_tagesschau-3831,96,21,3
11May_2010_Tuesday_tagesschau-1962,111,21,2
30March_2010_Tuesday_heute-7564,42,13,5
09February_2010_Tuesday_tagesschau-4494,144,41,8
07June_2010_Monday_heute-2332,146,41,4
24January_2013_Thursday_heute-7261,159,41,3
01July_2011_Friday_tagesschau-2762,170,41,2
27June_2011_Monday_heute-2468,178,41,6
26April_2010_Monday_heute-3390,39,9,4
13August_2009_Thursday_tagesschau-8488,129,41,9
03August_2010_Tuesday_heute-7617,59,13,7
08April_2010_Thursday_heute-4008,130,41,6
10January_2011_Monday_heute-1366,171,41,7
10November_2009_Tuesday_tagesschau-7239,118,21,3
05July_2011_Tuesday_tagesschau-6145,136,41,4
06January_2010_Wednesday_heute-3520,130,41,0
14July_2010_Wednesday_tagesschau-1861,103,21,3
29September_2011_Thursday_heute-4224,114,21,9
22August_2010_Sunday_tagesschau-1346,141,41,1
07January_2010_Thursday_tagesschau-2295,89,21,6
01August_2011_Monday_heute-4868,67,21,1
30December_2010_Thursday_tagesschau-2234,66,21,4
09August_2009_Sunday_tagesschau-1190,94,21,3
02September_2010_Thursday_tagesschau-8369,147,41,5
24July_2011_Sunday_tagesschau-6627,127,21,8
18January_2011_Tuesday_tagesschau-6996,106,21,1
06October_2011_Thursday_heute-5546,64,13,1
03July_2010_Saturday_tagesschau-4591,38,9,2
23November_2011_Wednesday_heute-2406,59,13,6
12August_2009_Wednesday_tagesschau-1799,160,41,2
28November_2010_Sunday_tagesschau-2440,161,41,9
14July_2010_Wednesday_tagesschau-1857,109,21,3
06August_2010_Friday_tagesschau-2179,120,21,9
11August_2010_Wednesday_tagesschau-13,48,13,6
29May_2011_Sunday_tagesschau-766,139,41,7
24February_2011_Thursday_heute-6668,166,41,2
25August_2009_Tuesday_heute-3311,33,9,2
23July_2009_Thursday_tagesschau-6753,65,13,9
29September_2009_Tuesday_tagesschau-8531,131,41,4
13January_2010_Wednesday_tagesschau-3827,153,41,5
20April_2011_Wednesday_tagesschau-3089,104,21,5
27January_2013_Sunday_tagesschau-8830,90,21,6
19February_2010_Friday_tagesschau-4099,161,41,0
30November_2010_Tuesday_tagesschau-4626,95,21,8
30March_2010_Tuesday_heute-7577,71,21,1
19October_2009_Monday_tagesschau-242,67,21,2
29December_2011_Thursday_tagesschau-2366,103,21,4
18October_2009_Sunday_tagesschau-6683,94,21,0
21November_2009_Saturday_tagesschau-4903,118,21,5
25January_2011_Tuesday_tagesschau-2991,112,21,6
30July_2011_Saturday_tagesschau-8598,95,21,4
06October_2010_Wednesday_tagesschau-634,146,41,6
05July_2010_Monday_tagesschau-1198,154,41,6
01December_2011_Thursday_heute-3054,46,13,8
26February_2011_Saturday_tagesschau-3432,96,21,5
31August_2010_Tuesday_heute-3173,222,41,9
04May_2010_Tuesday_tagesschau-7846,123,21,6
24October_2010_Sunday_tagesschau-2901,147,41,2
12January_2011_Wednesday_heute-6399,54,13,9
02September_2010_Thursday_heute-3465,59,13,5
03February_2011_Thursday_tagesschau-943,118,21,6
24October_2010_Sunday_tagesschau-2899,107,21,3
22January_2011_Saturday_tagesschau-2076,157,41,4
29September_2009_Tuesday_tagesschau-8534,78,21,1
02November_2010_Tuesday_tagesschau-2038,153,41,2
21August_2010_Saturday_tagesschau-8815,87,21,8
02December_2009_Wednesday_tagesschau-4042,96,21,3
20July_2010_Tuesday_heute-5253,231,41,6
06July_2009_Monday_tagesschau-2104,49,13,9
08December_2009_Tuesday_heute-4222,47,13,9
03November_2009_Tuesday_tagesschau-8137,84,21,3
18June_2010_Friday_tagesschau-4824,135,41,3
05July_2010_Monday_tagesschau-1204,115,21,4
25January_2010_Monday_tagesschau-8300,81,21,5
24November_2009_Tuesday_tagesschau-5677,90,21,1
09July_2009_Thursday_tagesschau-7121,135,41,9
22July_2009_Wednesday_tagesschau-2874,220,41,3
25January_2010_Monday_tagesschau-8303,135,41,4
09July_2010_Friday_tagesschau-589,66,21,9
01June_2010_Tuesday_heute-6612,216,41,4
18May_2010_Tuesday_tagesschau-3579,111,21,9
13July_2010_Tuesday_tagesschau-4312,84,21,9
04January_2010_Monday_heute-7408,107,21,5
17June_2010_Thursday_tagesschau-3900,100,21,9
26August_2009_Wednesday_heute-6545,61,13,7
29July_2010_Thursday_heute-7745,92,21,6
31January_2010_Sunday_tagesschau-1334,134,41,0
17April_2011_Sunday_tagesschau-2164,80,21,0
29March_2011_Tuesday_tagesschau-8109,93,21,1
21October_2010_Thursday_tagesschau-1820,69,21,7
01October_2010_Friday_tagesschau-2695,106,21,3
22September_2010_Wednesday_tagesschau-3262,109,21,8
02September_2010_Thursday_tagesschau-8371,139,41,4
15July_2010_Thursday_tagesschau-4060,149,41,3
08July_2011_Friday_tagesschau-6737,62,13,7
11December_2009_Friday_tagesschau-3515,73,21,2
01June_2010_Tuesday_tagesschau-5014,44,13,0
22November_2009_Sunday_tagesschau-5486,79,21,9
04April_2010_Sunday_tagesschau-4575,126,21,1
30May_2010_Sunday_tagesschau-4159,152,41,6
02August_2010_Monday_heute-1244,230,41,4
24January_2013_Thursday_heute-7256,171,41,1
22April_2010_Thursday_tagesschau-3730,141,41,4
05February_2011_Saturday_tagesschau-7860,161,41,7
30August_2010_Monday_tagesschau-2821,104,21,6
05April_2011_Tuesday_tagesschau-6419,193,41,4
04February_2010_Thursday_heute-7967,118,21,1
16March_2011_Wednesday_tagesschau-2221,113,21,9
15December_2009_Tuesday_tagesschau-6970,92,21,5
20November_2011_Sunday_tagesschau-539,73,21,7
06December_2010_Monday_heute-6212,94,21,1
11September_2010_Saturday_tagesschau-4993,131,41,6
17May_2010_Monday_tagesschau-8479,45,13,7
04September_2010_Saturday_tagesschau-7324,136,41,8
22November_2011_Tuesday_tagesschau-3654,124,21,1
09September_2010_Thursday_tagesschau-4372,107,21,3
25January_2010_Monday_heute-1462,173,41,2
16December_2011_Friday_tagesschau-6531,120,21,7
21March_2011_Monday_tagesschau-4420,153,41,3
22February_2011_Tuesday_tagesschau-8404,166,41,9
15July_2009_Wednesday_tagesschau-5287,110,21,5
06May_2010_Thursday_heute-1047,151,41,4
10March_2011_Thursday_tagesschau-5083,96,21,2
10April_2010_Saturday_tagesschau-4139,94,21,2
28January_2013_Monday_heute-7999,163,41,7
05February_2010_Friday_tagesschau-2912,119,21,6
30August_2011_Tuesday_heute-789,134,41,7
08June_2010_Tuesday_tagesschau-5526,100,21,0
01April_2010_Thursday_tagesschau-4328,105,21,0
03February_2011_Thursday_heute-613,138,41,5
04September_2010_Saturday_tagesschau-7320,190,41,5
13February_2010_Saturday_tagesschau-6045,196,41,4
10January_2011_Monday_tagesschau-6405,117,21,7
26February_2011_Saturday_tagesschau-3430,198,41,2
19October_2010_Tuesday_tagesschau-8288,156,41,1
25August_2009_Tuesday_heute-3306,43,13,7
30March_2010_Tuesday_tagesschau-5698,125,21,9
10May_2010_Monday_tagesschau-6858,115,21,8
07September_2010_Tuesday_tagesschau-1948,31,9,5
30January_2010_Saturday_tagesschau-1692,96,21,5
11August_2010_Wednesday_tagesschau-7,71,21,8
20March_2010_Saturday_heute-7284,54,13,8
04September_2010_Saturday_tagesschau-7318,152,41,5
25October_2010_Monday_heute-2040,46,13,5
01December_2011_Thursday_heute-3066,62,13,3
22April_2010_Thursday_tagesschau-3733,211,41,3
23April_2010_Friday_tagesschau-3664,48,13,6
24August_2010_Tuesday_tagesschau-2192,100,21,2
25January_2011_Tuesday_tagesschau-2986,123,21,8
24August_2010_Tuesday_tagesschau-2195,113,21,3
24April_2010_Saturday_tagesschau-3972,154,41,2
09December_2011_Friday_tagesschau-8442,83,21,6
30September_2009_Wednesday_tagesschau-1767,116,21,8
23January_2011_Sunday_tagesschau-7835,54,13,8
05December_2011_Monday_tagesschau-4171,171,41,5
06May_2010_Thursday_heute-1042,39,9,8
18December_2010_Saturday_tagesschau-6132,142,41,7
20November_2010_Saturday_tagesschau-1826,154,41,3
17February_2011_Thursday_heute-383,203,41,8
09February_2011_Wednesday_tagesschau-2499,105,21,0
12April_2011_Tuesday_tagesschau-689,106,21,9
14June_2010_Monday_tagesschau-3704,73,21,4
30June_2009_Tuesday_tagesschau-2953,93,21,0
26September_2010_Sunday_tagesschau-5940,188,41,3
22January_2011_Saturday_tagesschau-2085,51,13,9
09November_2010_Tuesday_tagesschau-749,57,13,5
30June_2009_Tuesday_tagesschau-2950,41,13,2
08November_2010_Monday_tagesschau-6931,151,41,4
20October_2011_Thursday_tagesschau-511,117,21,8
30September_2012_Sunday_tagesschau-4028,66,21,8
06February_2011_Sunday_tagesschau-6908,98,21,4
04October_2010_Monday_heute-5946,79,21,9
29January_2013_Tuesday_tagesschau-883,110,21,1
12January_2011_Wednesday_tagesschau-1726,161,41,5
25May_2010_Tuesday_tagesschau-1295,118,21,1
28December_2011_Wednesday_tagesschau-1917,106,21,5
19September_2010_Sunday_tagesschau-3804,138,41,5
29August_2011_Monday_tagesschau-5708,126,21,2
03July_2011_Sunday_tagesschau-1667,67,21,8
08June_2010_Tuesday_tagesschau-5519,69,21,1
24June_2011_Friday_tagesschau-4077,158,41,4
19October_2009_Monday_tagesschau-235,94,21,4
17April_2011_Sunday_tagesschau-2154,110,21,6
18December_2010_Saturday_tagesschau-6121,188,41,1
26February_2011_Saturday_tagesschau-3436,61,13,0
16January_2010_Saturday_tagesschau-8080,85,21,3
21November_2011_Monday_tagesschau-2257,157,41,2
02October_2010_Saturday_tagesschau-1307,137,41,7
10January_2011_Monday_tagesschau-6408,135,41,8
01November_2010_Monday_tagesschau-139,77,21,3
20January_2010_Wednesday_heute-801,52,13,5
01October_2012_Monday_tagesschau-5374,105,21,8
20December_2010_Monday_tagesschau-3200,53,13,1
14June_2010_Monday_heute-1600,63,13,0
01June_2010_Tuesday_tagesschau-5013,89,21,7
27May_2010_Thursday_tagesschau-8377,144,41,2
24July_2011_Sunday_tagesschau-6619,122,21,1
20February_2010_Saturday_tagesschau-7890,43,13,9
01April_2010_Thursday_tagesschau-4323,90,21,1
09December_2009_Wednesday_heute-4744,30,9,7
06December_2010_Monday_heute-6201,206,41,3
26April_2010_Monday_heute-3401,118,21,5
21October_2009_Wednesday_tagesschau-739,96,21,8
10August_2010_Tuesday_heute-1446,39,9,7
06October_2010_Wednesday_tagesschau-637,120,21,6
20June_2011_Monday_tagesschau-1252,179,41,7
20September_2010_Monday_heute-2931,104,21,0
23October_2010_Saturday_tagesschau-888,88,21,3
02October_2010_Saturday_tagesschau-1308,111,21,5
25January_2011_Tuesday_tagesschau-2989,132,41,0
30August_2011_Tuesday_heute-794,121,21,8
29December_2011_Thursday_tagesschau-2378,68,21,8
10May_2010_Monday_tagesschau-6857,94,21,7
01June_2010_Tuesday_heute-6610,113,21,7
30November_2011_Wednesday_tagesschau-6286,99,21,5
12May_2010_Wednesday_tagesschau-319,154,41,7
20September_2010_Monday_tagesschau-7030,121,21,0
20December_2010_Monday_tagesschau-3209,118,21,6
30November_2011_Wednesday_tagesschau-6280,113,21,3
21April_2010_Wednesday_heute-3111,183,41,1
24May_2011_Tuesday_heute-6069,89,21,9
22February_2010_Monday_tagesschau-3250,109,21,1
19February_2011_Saturday_tagesschau-5284,109,21,0
01July_2011_Friday_tagesschau-2758,119,21,7
29July_2010_Thursday_tagesschau-7418,131,41,0
01July_2011_Friday_tagesschau-2757,103,21,8
30May_2010_Sunday_tagesschau-4167,112,21,6
16February_2010_Tuesday_tagesschau-6093,119,21,3
16March_2011_Wednesday_tagesschau-2219,220,41,0
16September_2010_Thursday_tagesschau-6274,147,41,1
04July_2010_Sunday_tagesschau-7209,170,41,8
01September_2010_Wednesday_tagesschau-5044,62,13,7
20July_2010_Tuesday_heute-5250,249,41,8
01July_2010_Thursday_tagesschau-8796,193,41,3
26January_2013_Saturday_tagesschau-7354,96,21,1
05May_2011_Thursday_heute-3744,147,41,8
30March_2010_Tuesday_heute-7575,143,41,2
25November_2011_Friday_tagesschau-4396,171,41,5
04December_2011_Sunday_tagesschau-7787,98,21,4
13October_2009_Tuesday_tagesschau-1655,102,21,3
20September_2010_Monday_heute-2940,105,21,0
14July_2009_Tuesday_tagesschau-2434,117,21,5
03July_2011_Sunday_tagesschau-1675,129,41,0
09December_2010_Thursday_heute-7554,109,21,4
02December_2010_Thursday_heute-8451,208,41,0
01November_2010_Monday_heute-1709,106,21,3
16July_2009_Thursday_tagesschau-5058,126,21,8
10March_2011_Thursday_tagesschau-5081,102,21,5
30November_2010_Tuesday_tagesschau-4628,163,41,6
27November_2009_Friday_tagesschau-7328,65,13,5
06December_2009_Sunday_tagesschau-5517,237,41,8
11January_2011_Tuesday_tagesschau-8027,102,21,7
20April_2011_Wednesday_tagesschau-3087,109,21,2
09July_2009_Thursday_tagesschau-7113,60,13,5
26May_2010_Wednesday_heute-7871,71,21,5
21April_2010_Wednesday_tagesschau-6226,103,21,6
05April_2011_Tuesday_heute-5122,221,41,7
14March_2011_Monday_tagesschau-7602,133,41,0
05February_2011_Saturday_tagesschau-7850,103,21,8
15July_2011_Friday_tagesschau-8727,219,41,3
04October_2010_Monday_heute-5952,51,13,9
05July_2009_Sunday_tagesschau-4441,189,41,3
14December_2010_Tuesday_heute-646,171,41,0
20December_2010_Monday_tagesschau-3211,89,21,7
04May_2011_Wednesday_heute-3993,240,41,1
24September_2010_Friday_tagesschau-204,193,41,0
28April_2010_Wednesday_heute-5197,51,13,8
19February_2011_Saturday_tagesschau-5285,106,21,3
23April_2010_Friday_tagesschau-3665,136,41,6
16May_2010_Sunday_tagesschau-5228,206,41,9
13December_2009_Sunday_tagesschau-6810,127,21,9
30January_2010_Saturday_tagesschau-1693,144,41,6
14December_2010_Tuesday_tagesschau-8466,131,41,8
06June_2010_Sunday_tagesschau-6368,107,21,0
09July_2010_Friday_tagesschau-597,160,41,8
30November_2010_Tuesday_tagesschau-4625,128,21,2
04June_2010_Friday_tagesschau-1168,117,21,1
23July_2009_Thursday_tagesschau-6761,130,41,9
31May_2011_Tuesday_heute-1893,123,21,0
14September_2010_Tuesday_tagesschau-5222,94,21,9
26July_2010_Monday_tagesschau-6263,107,21,9
27November_2009_Friday_tagesschau-7337,99,21,6
17January_2010_Sunday_tagesschau-5557,108,21,4
22September_2010_Wednesday_heute-2617,123,21,3
14July_2010_Wednesday_heute-6190,126,21,9
25January_2013_Friday_tagesschau-7814,155,41,9
25November_2009_Wednesday_tagesschau-7671,91,21,8
13December_2010_Monday_tagesschau-6933,110,21,8
21November_2009_Saturday_tagesschau-4909,104,21,1
21April_2010_Wednesday_tagesschau-6231,112,21,0
06September_2009_Sunday_tagesschau-5306,108,21,9
20October_2009_Tuesday_tagesschau-3596,78,21,9
06September_2009_Sunday_tagesschau-5300,117,21,1
19May_2010_Wednesday_heute-1109,110,21,0
12January_2011_Wednesday_heute-6394,143,41,6
25November_2011_Friday_tagesschau-4391,116,21,5
04April_2011_Monday_heute-970,146,41,3
05April_2011_Tuesday_tagesschau-6423,101,21,8
01December_2011_Thursday_tagesschau-3474,104,21,5
07August_2009_Friday_tagesschau-6169,78,21,9
25July_2011_Monday_heute-8231,137,41,7
01May_2010_Saturday_tagesschau-7184,84,21,1
05October_2010_Tuesday_heute-1221,88,21,1
23November_2011_Wednesday_heute-2396,62,13,3
02October_2009_Friday_tagesschau-1352,80,21,2
02December_2010_Thursday_tagesschau-3634,68,21,9
03February_2010_Wednesday_tagesschau-2066,54,13,4
21August_2010_Saturday_tagesschau-8826,131,41,8
14December_2010_Tuesday_heute-654,99,21,1
13March_2011_Sunday_tagesschau-4457,152,41,5
09September_2010_Thursday_tagesschau-4364,111,21,8
07October_2012_Sunday_tagesschau-3028,129,41,7
24March_2011_Thursday_heute-6374,116,21,2
07December_2011_Wednesday_tagesschau-5401,97,21,8
11August_2010_Wednesday_tagesschau-5,168,41,4
12September_2009_Saturday_tagesschau-6600,88,21,1
01April_2010_Thursday_heute-6695,90,21,0
09July_2011_Saturday_tagesschau-3299,110,21,2
14October_2009_Wednesday_tagesschau-530,108,21,6
21July_2009_Tuesday_tagesschau-8069,67,21,3
20April_2011_Wednesday_tagesschau-3088,122,21,2
13April_2011_Wednesday_tagesschau-1677,227,41,3
06October_2011_Thursday_tagesschau-821,100,21,3
01September_2010_Wednesday_tagesschau-5038,60,13,1
05October_2011_Wednesday_heute-1070,112,21,9
24August_2009_Monday_heute-6646,75,21,8
07October_2010_Thursday_tagesschau-4126,89,21,5
01February_2011_Tuesday_tagesschau-4965,124,21,0
30July_2010_Friday_tagesschau-1512,179,41,0
14July_2011_Thursday_heute-5855,43,13,8
28March_2011_Monday_tagesschau-2291,106,21,7
18February_2011_Friday_tagesschau-6832,131,41,5
30May_2010_Sunday_tagesschau-4161,139,41,9
22December_2010_Wednesday_tagesschau-5067,185,41,1
30January_2010_Saturday_tagesschau-1703,61,13,9
16May_2010_Sunday_tagesschau-5224,120,21,9
26August_2009_Wednesday_heute-6539,49,13,9
06December_2009_Sunday_tagesschau-5507,95,21,2
15February_2011_Tuesday_heute-7903,212,41,3
21April_2010_Wednesday_tagesschau-6227,86,21,5
20September_2010_Monday_heute-2925,42,13,6
16December_2011_Friday_tagesschau-6526,103,21,3
12December_2010_Sunday_tagesschau-5598,77,21,1
10August_2010_Tuesday_tagesschau-3871,90,21,8
09December_2010_Thursday_heute-7551,77,21,1
23January_2013_Wednesday_tagesschau-431,116,21,6
24March_2011_Thursday_heute-6381,191,41,6
22October_2009_Thursday_tagesschau-1129,101,21,9
09February_2011_Wednesday_heute-7544,100,21,8
10July_2009_Friday_tagesschau-1093,75,21,8
21November_2010_Sunday_tagesschau-5667,174,41,1
26April_2010_Monday_heute-3396,129,41,2
23May_2010_Sunday_tagesschau-4342,130,41,9
20March_2010_Saturday_heute-7299,37,9,3
22December_2010_Wednesday_tagesschau-5066,41,13,4
09April_2010_Friday_tagesschau-7636,58,13,5
29September_2010_Wednesday_tagesschau-1787,71,21,4
24November_2011_Thursday_heute-225,300,41,1
30December_2010_Thursday_tagesschau-2233,124,21,0
14October_2009_Wednesday_tagesschau-523,108,21,4
30May_2011_Monday_heute-3679,126,21,1
05October_2010_Tuesday_tagesschau-4241,99,21,3
09June_2010_Wednesday_heute-8258,100,21,8
03October_2010_Sunday_tagesschau-5765,215,41,1
04April_2011_Monday_heute-956,43,13,7
10December_2009_Thursday_tagesschau-7490,136,41,4
26October_2009_Monday_tagesschau-1399,73,21,3
24April_2010_Saturday_tagesschau-3962,83,21,8
08December_2009_Tuesday_heute-4202,126,21,5
05July_2011_Tuesday_tagesschau-6134,162,41,1
24August_2010_Tuesday_heute-3022,116,21,9
24January_2011_Monday_heute-6973,114,21,9
09May_2011_Monday_tagesschau-8576,132,41,4
06December_2011_Tuesday_heute-1543,120,21,2
25February_2010_Thursday_tagesschau-1758,101,21,0
09August_2010_Monday_tagesschau-3001,126,21,2
11July_2011_Monday_tagesschau-847,132,41,9
12March_2011_Saturday_tagesschau-2448,112,21,5
04August_2011_Thursday_tagesschau-715,116,21,3
18July_2009_Saturday_tagesschau-1644,87,21,9
16March_2011_Wednesday_tagesschau-2216,96,21,4
03August_2010_Tuesday_tagesschau-2771,105,21,2
12July_2010_Monday_heute-245,220,41,3
12April_2011_Tuesday_tagesschau-688,107,21,2
23February_2010_Tuesday_heute-6244,112,21,2
10April_2011_Sunday_tagesschau-1534,38,9,3
13October_2009_Tuesday_tagesschau-1648,60,13,4
30March_2010_Tuesday_heute-7570,57,13,1
04July_2011_Monday_tagesschau-695,40,9,9
10November_2009_Tuesday_tagesschau-7252,80,21,0
10December_2011_Saturday_tagesschau-5410,165,41,7
24January_2013_Thursday_heute-7268,65,13,9
05January_2011_Wednesday_heute-3545,44,13,6
20May_2010_Thursday_tagesschau-3152,161,41,0
20September_2010_Monday_heute-2928,144,41,6
15December_2010_Wednesday_tagesschau-41,119,21,0
19February_2010_Friday_tagesschau-4097,201,41,7
09April_2010_Friday_tagesschau-7628,96,21,9
06January_2010_Wednesday_heute-3528,68,21,6
20October_2011_Thursday_tagesschau-505,203,41,8
06September_2009_Sunday_tagesschau-5313,99,21,4
21March_2011_Monday_tagesschau-4423,119,21,6
29September_2010_Wednesday_tagesschau-1783,210,41,9
01April_2011_Friday_tagesschau-3384,146,41,0
28November_2011_Monday_heute-1586,118,21,5
26November_2011_Saturday_tagesschau-5845,100,21,4
30June_2009_Tuesday_tagesschau-2944,94,21,1
08November_2010_Monday_tagesschau-6928,89,21,1
21August_2010_Saturday_tagesschau-8819,143,41,4
09December_2009_Wednesday_heute-4748,91,21,1
26October_2009_Monday_tagesschau-1401,146,41,7
04April_2011_Monday_heute-960,72,21,9
19April_2010_Monday_tagesschau-1387,102,21,6
07August_2009_Friday_tagesschau-6166,63,13,6
22October_2009_Thursday_tagesschau-1128,98,21,3
30January_2011_Sunday_tagesschau-6352,111,21,5
29September_2010_Wednesday_tagesschau-1793,38,9,9
01November_2010_Monday_heute-1722,69,21,5
02December_2010_Thursday_tagesschau-3644,56,13,9
08December_2009_Tuesday_heute-4200,118,21,1
22June_2011_Wednesday_heute-4378,59,13,0
29April_2010_Thursday_heute-8615,40,9,0
02September_2010_Thursday_tagesschau-8364,81,21,1
03July_2009_Friday_tagesschau-2011,67,21,6
31January_2010_Sunday_tagesschau-1329,218,41,8
15July_2009_Wednesday_tagesschau-5291,150,41,1
22November_2011_Tuesday_heute-4654,110,21,2
01July_2009_Wednesday_tagesschau-4552,113,21,5
26August_2010_Thursday_tagesschau-4270,215,41,2
18September_2010_Saturday_tagesschau-4186,89,21,1
03August_2010_Tuesday_tagesschau-2779,109,21,1
15February_2010_Monday_tagesschau-1848,70,21,2
12January_2011_Wednesday_tagesschau-1735,43,13,9
28September_2010_Tuesday_tagesschau-341,104,21,9
29April_2010_Thursday_tagesschau-4883,107,21,1
08April_2010_Thursday_tagesschau-3952,111,21,5
20July_2010_Tuesday_heute-5248,47,13,8
18November_2011_Friday_tagesschau-2150,94,21,0
25March_2011_Friday_tagesschau-5820,88,21,0
02June_2010_Wednesday_heute-6790,117,21,1
12July_2010_Monday_tagesschau-378,91,21,8
07December_2010_Tuesday_tagesschau-4153,160,41,2
02June_2010_Wednesday_tagesschau-7161,29,9,1
21July_2009_Tuesday_tagesschau-8065,94,21,5
29November_2011_Tuesday_heute-8090,72,21,3
30December_2010_Thursday_tagesschau-2229,82,21,2
15September_2010_Wednesday_heute-2478,73,21,0
19July_2009_Sunday_tagesschau-1578,141,41,8
07December_2010_Tuesday_heute-5627,123,21,6
09April_2010_Friday_tagesschau-7624,117,21,1
04September_2010_Saturday_tagesschau-7314,126,21,8
29July_2010_Thursday_heute-7749,181,41,9
30April_2010_Friday_tagesschau-2018,41,13,3
10April_2011_Sunday_tagesschau-1530,85,21,4
27July_2010_Tuesday_tagesschau-6058,104,21,6
10January_2011_Monday_heute-1373,45,13,7
03March_2011_Thursday_tagesschau-7057,85,21,0
20February_2011_Sunday_tagesschau-3168,88,21,4
06October_2011_Thursday_tagesschau-817,120,21,3
07February_2010_Sunday_tagesschau-491,63,13,7
15June_2010_Tuesday_tagesschau-79,89,21,0
28January_2013_Monday_heute-7995,145,41,2
06August_2010_Friday_tagesschau-2182,82,21,2
20December_2010_Monday_tagesschau-3202,161,41,0
05February_2010_Friday_tagesschau-2923,75,21,2
02November_2010_Tuesday_heute-2743,83,21,2
01November_2010_Monday_heute-1723,57,13,0
26October_2010_Tuesday_tagesschau-5791,103,21,5
22October_2010_Friday_tagesschau-2419,75,21,9
22November_2010_Monday_heute-276,130,41,9
06May_2010_Thursday_heute-1055,170,41,6
03July_2009_Friday_tagesschau-2004,94,21,9
09February_2010_Tuesday_tagesschau-4503,93,21,1
10December_2009_Thursday_tagesschau-7484,96,21,4
20March_2010_Saturday_heute-7298,89,21,1
09December_2009_Wednesday_heute-4749,92,21,6
07December_2010_Tuesday_heute-5636,124,21,5
29September_2009_Tuesday_tagesschau-8541,111,21,1
20May_2010_Thursday_tagesschau-3162,63,13,2
09September_2010_Thursday_tagesschau-4370,89,21,9
23February_2010_Tuesday_heute-6241,123,21,9
22April_2010_Thursday_tagesschau-3732,128,21,5
19April_2011_Tuesday_heute-5337,119,21,2
23July_2011_Saturday_tagesschau-5499,159,41,8
21November_2011_Monday_tagesschau-2261,65,13,9
29April_2010_Thursday_heute-8624,130,41,0
13December_2009_Sunday_tagesschau-6818,117,21,1
10August_2010_Tuesday_tagesschau-3869,111,21,6
09December_2010_Thursday_heute-7550,205,41,0
28September_2010_Tuesday_heute-8357,92,21,4
11December_2009_Friday_tagesschau-3511,79,21,7
17February_2011_Thursday_tagesschau-6318,149,41,9
01June_2010_Tuesday_tagesschau-5005,76,21,4
31January_2011_Monday_tagesschau-670,121,21,3
03February_2010_Wednesday_heute-2358,172,41,7
05November_2010_Friday_tagesschau-1869,41,13,1
01February_2011_Tuesday_heute-4631,144,41,2
26February_2011_Saturday_tagesschau-3427,141,41,6
30January_2011_Sunday_tagesschau-6354,134,41,5
12September_2009_Saturday_tagesschau-6587,74,21,7
26August_2009_Wednesday_heute-6542,53,13,5
09December_2011_Friday_tagesschau-8439,79,21,4
11September_2009_Friday_tagesschau-8774,99,21,4
01July_2010_Thursday_tagesschau-8788,109,21,8
06July_2010_Tuesday_tagesschau-2659,140,41,5
23August_2010_Monday_tagesschau-4427,142,41,8
28May_2011_Saturday_tagesschau-2607,115,21,4
15September_2010_Wednesday_tagesschau-5201,48,13,0
17May_2010_Monday_tagesschau-8471,102,21,8
07October_2010_Thursday_tagesschau-4119,190,41,1
13January_2010_Wednesday_tagesschau-3826,219,41,0
03February_2011_Thursday_heute-611,78,21,4
21July_2009_Tuesday_tagesschau-8068,130,41,8
21November_2010_Sunday_tagesschau-5664,98,21,8
29September_2011_Thursday_tagesschau-7232,104,21,2
27April_2010_Tuesday_heute-1030,85,21,8
18November_2009_Wednesday_tagesschau-5581,119,21,9
02November_2010_Tuesday_tagesschau-2035,212,41,8
04March_2011_Friday_tagesschau-2840,67,21,1
22October_2009_Thursday_tagesschau-1125,125,21,7
22October_2009_Thursday_tagesschau-1139,94,21,2
26September_2010_Sunday_tagesschau-5933,100,21,4
21November_2011_Monday_heute-5427,135,41,0
01November_2010_Monday_tagesschau-142,132,41,1
11October_2010_Monday_tagesschau-4605,188,41,8
16July_2011_Saturday_tagesschau-7522,135,41,3
20April_2011_Wednesday_tagesschau-3083,210,41,0
27August_2010_Friday_tagesschau-5165,93,21,2
27June_2011_Monday_heute-2469,288,41,8
05February_2011_Saturday_tagesschau-7862,51,13,2
26May_2011_Thursday_tagesschau-4788,137,41,4
22November_2011_Tuesday_heute-4650,140,41,0
12March_2011_Saturday_tagesschau-2453,173,41,0
02December_2011_Friday_tagesschau-8015,121,21,5
29September_2010_Wednesday_tagesschau-1782,122,21,7
10December_2009_Thursday_heute-7929,43,13,6
25May_2010_Tuesday_heute-3764,37,9,0
26June_2010_Saturday_tagesschau-719,105,21,2
24November_2009_Tuesday_tagesschau-5683,127,21,8
01October_2012_Monday_tagesschau-5368,205,41,4
28May_2011_Saturday_tagesschau-2601,88,21,3
19October_2010_Tuesday_heute-8058,47,13,9
07November_2010_Sunday_tagesschau-1976,95,21,3
20January_2010_Wednesday_heute-799,59,13,9
06January_2010_Wednesday_heute-3522,231,41,8
12August_2009_Wednesday_tagesschau-1801,77,21,8
12December_2011_Monday_heute-5813,179,41,6
24November_2011_Thursday_tagesschau-8337,114,21,5
27November_2011_Sunday_tagesschau-5153,79,21,2
18May_2010_Tuesday_tagesschau-3581,125,21,9
08February_2010_Monday_tagesschau-2805,129,41,5
17February_2010_Wednesday_heute-1475,39,9,5
01October_2012_Monday_heute-439,187,41,6
06October_2012_Saturday_tagesschau-8732,169,41,7
09April_2010_Friday_tagesschau-7625,76,21,8
05April_2010_Monday_tagesschau-3547,123,21,7
30December_2010_Thursday_tagesschau-2237,112,21,7
01October_2009_Thursday_tagesschau-414,76,21,4
29January_2013_Tuesday_tagesschau-884,97,21,9
23January_2013_Wednesday_tagesschau-435,165,41,7
22April_2010_Thursday_heute-2116,85,21,8
16February_2010_Tuesday_tagesschau-6095,51,13,8
29September_2009_Tuesday_tagesschau-8536,137,41,9
31August_2010_Tuesday_tagesschau-5175,94,21,9
09February_2011_Wednesday_tagesschau-2500,167,41,2
15May_2010_Saturday_tagesschau-5653,94,21,1
20November_2010_Saturday_tagesschau-1832,175,41,9
11August_2011_Thursday_heute-3185,80,21,8
13December_2009_Sunday_tagesschau-6812,175,41,1
24December_2010_Friday_tagesschau-5130,178,41,1
14February_2010_Sunday_tagesschau-3837,163,41,2
27April_2010_Tuesday_heute-1040,132,41,4
30May_2010_Sunday_tagesschau-4157,111,21,2
28September_2009_Monday_tagesschau-4674,133,41,3
24July_2010_Saturday_tagesschau-6339,128,21,3
02August_2010_Monday_heute-1245,218,41,7
13September_2010_Monday_heute-7175,141,41,5
12January_2011_Wednesday_heute-6396,113,21,2
30January_2011_Sunday_tagesschau-6346,133,41,6
06February_2011_Sunday_tagesschau-6910,98,21,2
09August_2010_Monday_tagesschau-2999,165,41,9
19October_2009_Monday_tagesschau-240,102,21,6
08February_2010_Monday_heute-1508,71,21,3
09May_2011_Monday_tagesschau-8582,100,21,8
24February_2011_Thursday_heute-6674,212,41,8
05January_2011_Wednesday_heute-3534,225,41,6
24January_2010_Sunday_tagesschau-8711,156,41,4
07April_2010_Wednesday_heute-1622,150,41,9
05October_2010_Tuesday_tagesschau-4244,180,41,6
17February_2011_Thursday_tagesschau-6313,127,21,0
23August_2010_Monday_tagesschau-4435,107,21,9
28September_2012_Friday_tagesschau-918,95,21,3
29September_2011_Thursday_heute-4230,122,21,0
22August_2010_Sunday_tagesschau-1347,129,41,2
24March_2011_Thursday_heute-6378,116,21,9
05April_2011_Tuesday_heute-5121,112,21,4
08June_2010_Tuesday_heute-1990,130,41,1
06January_2011_Thursday_tagesschau-5644,78,21,3
18July_2010_Sunday_tagesschau-6221,144,41,0
27April_2010_Tuesday_heute-1029,46,13,6
23March_2011_Wednesday_tagesschau-8752,113,21,6
13January_2010_Wednesday_tagesschau-3828,124,21,0
20February_2010_Saturday_tagesschau-7892,123,21,5
18July_2009_Saturday_tagesschau-1636,153,41,7
12April_2010_Monday_tagesschau-366,173,41,3
23February_2011_Wednesday_tagesschau-147,111,21,6
26August_2010_Thursday_tagesschau-4266,163,41,2
30November_2011_Wednesday_tagesschau-6288,97,21,1
08May_2010_Saturday_tagesschau-187,120,21,8
24January_2013_Thursday_tagesschau-6328,114,21,9
29March_2011_Tuesday_tagesschau-8114,81,21,6
22April_2010_Thursday_tagesschau-3731,69,21,3
27May_2010_Thursday_tagesschau-8381,126,21,6
29August_2011_Monday_tagesschau-5707,106,21,6
21July_2010_Wednesday_tagesschau-7371,108,21,8
08February_2010_Monday_heute-1510,36,9,5
07February_2011_Monday_heute-4663,64,13,8
09April_2010_Friday_tagesschau-7630,130,41,9
27May_2010_Thursday_heute-1235,145,41,0
24August_2010_Tuesday_tagesschau-2206,58,13,9
10November_2009_Tuesday_tagesschau-7243,131,41,7
07April_2011_Thursday_tagesschau-8106,37,9,8
13September_2010_Monday_heute-7182,236,41,5
03February_2011_Thursday_tagesschau-928,109,21,2
10May_2010_Monday_tagesschau-6861,122,21,6
06January_2010_Wednesday_heute-3521,151,41,9
05August_2010_Thursday_tagesschau-4254,35,9,4
21April_2010_Wednesday_tagesschau-6228,125,21,8
13July_2010_Tuesday_tagesschau-4310,91,21,8
22September_2010_Wednesday_heute-2613,34,9,0
08June_2010_Tuesday_tagesschau-5525,216,41,7
21May_2010_Friday_tagesschau-5090,146,41,0
19March_2011_Saturday_tagesschau-4696,142,41,0
30April_2010_Friday_tagesschau-2019,121,21,7
06December_2011_Tuesday_heute-1539,138,41,1
04July_2011_Monday_tagesschau-701,115,21,4
05October_2010_Tuesday_heute-1219,187,41,4
20January_2010_Wednesday_heute-806,58,13,6
24July_2010_Saturday_tagesschau-6333,124,21,2
03March_2011_Thursday_tagesschau-7066,57,13,2
27September_2009_Sunday_tagesschau-2166,131,41,7
18September_2010_Saturday_tagesschau-4192,111,21,5
21January_2011_Friday_tagesschau-4896,101,21,0
05October_2010_Tuesday_heute-1216,176,41,1
19November_2011_Saturday_tagesschau-3689,176,41,9
07February_2011_Monday_heute-4669,72,21,2
27June_2010_Sunday_tagesschau-7390,74,21,8
03February_2010_Wednesday_tagesschau-2063,188,41,7
15September_2010_Wednesday_tagesschau-5200,89,21,7
10March_2011_Thursday_tagesschau-5084,85,21,8
09December_2010_Thursday_heute-7563,46,13,8
18January_2011_Tuesday_tagesschau-6992,157,41,5
08September_2010_Wednesday_tagesschau-5244,118,21,4
03October_2010_Sunday_tagesschau-5761,104,21,3
19January_2011_Wednesday_tagesschau-7075,121,21,5
12November_2009_Thursday_tagesschau-6774,113,21,1
03June_2010_Thursday_tagesschau-2632,85,21,7
14February_2010_Sunday_tagesschau-3835,156,41,0
26October_2010_Tuesday_tagesschau-5798,88,21,5
15July_2010_Thursday_tagesschau-4058,144,41,8
07December_2009_Monday_tagesschau-7102,120,21,5
20September_2010_Monday_tagesschau-7025,103,21,2
25May_2010_Tuesday_heute-3759,277,41,5
14March_2011_Monday_tagesschau-7596,137,41,1
26May_2010_Wednesday_heute-7875,58,13,3
31May_2011_Tuesday_heute-1894,197,41,8
07February_2010_Sunday_tagesschau-493,100,21,6
23July_2010_Friday_tagesschau-587,65,13,8
07December_2011_Wednesday_tagesschau-5403,57,13,4
06October_2009_Tuesday_tagesschau-8158,157,41,1
23February_2010_Tuesday_heute-6242,45,13,1
30December_2010_Thursday_tagesschau-2241,41,13,0
10February_2010_Wednesday_tagesschau-2516,177,41,1
11December_2010_Saturday_tagesschau-8667,180,41,3
12December_2009_Saturday_tagesschau-4726,112,21,5
23October_2010_Saturday_tagesschau-898,112,21,7
06July_2011_Wednesday_tagesschau-6872,122,21,6
20September_2010_Monday_tagesschau-7033,121,21,8
15July_2011_Friday_tagesschau-8720,132,41,9
11November_2009_Wednesday_tagesschau-8044,89,21,8
18April_2011_Monday_tagesschau-1315,127,21,1
07February_2011_Monday_heute-4670,46,13,4
24September_2009_Thursday_heute-6088,122,21,5
26March_2011_Saturday_tagesschau-5728,87,21,4
01December_2011_Thursday_tagesschau-3466,109,21,1
18January_2011_Tuesday_tagesschau-6991,135,41,4
09August_2011_Tuesday_heute-2648,79,21,7
20June_2011_Monday_tagesschau-1250,187,41,8
01October_2012_Monday_tagesschau-5375,50,13,1
26January_2010_Tuesday_heute-94,47,13,2
18January_2010_Monday_tagesschau-4020,79,21,0
26September_2009_Saturday_tagesschau-2345,141,41,3
25November_2011_Friday_tagesschau-4390,134,41,8
08November_2010_Monday_heute-6878,94,21,1
04January_2011_Tuesday_tagesschau-1067,160,41,7
01July_2009_Wednesday_tagesschau-4558,37,9,7
06April_2010_Tuesday_heute-5980,124,21,3
17May_2010_Monday_tagesschau-8467,122,21,6
03June_2011_Friday_tagesschau-7650,96,21,0
28November_2011_Monday_heute-1589,58,13,4
20June_2011_Monday_heute-6513,117,21,8
14July_2011_Thursday_heute-5864,75,21,5
25July_2011_Monday_heute-8233,215,41,1
31January_2010_Sunday_tagesschau-1325,106,21,6
29April_2010_Thursday_heute-8618,71,21,7
03March_2011_Thursday_tagesschau-7061,82,21,0
07November_2010_Sunday_tagesschau-1980,115,21,1
09July_2011_Saturday_tagesschau-3288,89,21,3
12December_2009_Saturday_tagesschau-4736,130,41,1
04July_2011_Monday_tagesschau-705,86,21,2
23February_2011_Wednesday_heute-3770,204,41,4
07February_2011_Monday_tagesschau-1618,104,21,0
12July_2009_Sunday_tagesschau-2567,119,21,6
05April_2011_Tuesday_heute-5125,221,41,0
28September_2010_Tuesday_tagesschau-349,163,41,5
25January_2010_Monday_heute-1463,214,41,4
24June_2010_Thursday_tagesschau-7302,55,13,9
13July_2010_Tuesday_heute-4821,69,21,2
20June_2011_Monday_heute-6522,95,21,4
27May_2010_Thursday_heute-1225,97,21,7
05July_2010_Monday_heute-8690,122,21,2
01February_2011_Tuesday_heute-4635,227,41,3
18October_2010_Monday_heute-620,61,13,9
26January_2010_Tuesday_heute-95,126,21,7
28October_2010_Thursday_heute-335,88,21,7
03February_2011_Thursday_tagesschau-940,39,9,6
05April_2010_Monday_tagesschau-3548,91,21,6
21April_2010_Wednesday_tagesschau-6237,143,41,3
22September_2010_Wednesday_heute-2619,70,21,9
24October_2010_Sunday_tagesschau-2903,158,41,7
06December_2011_Tuesday_tagesschau-6836,91,21,8
12August_2010_Thursday_tagesschau-4413,198,41,7
03February_2011_Thursday_tagesschau-941,57,13,0
23February_2010_Tuesday_tagesschau-190,73,21,0
05November_2010_Friday_tagesschau-1871,117,21,5
28July_2010_Wednesday_tagesschau-869,116,21,4
08December_2009_Tuesday_heute-4220,114,21,0
22December_2010_Wednesday_tagesschau-5069,111,21,1
24May_2011_Tuesday_tagesschau-4473,145,41,3
26March_2011_Saturday_tagesschau-5724,66,21,0
02June_2010_Wednesday_heute-6791,118,21,8
04October_2012_Thursday_tagesschau-4923,138,41,5
01September_2010_Wednesday_tagesschau-5041,126,21,2
