video_name,n_frames,k_frames,prompt_id
07February_2011_Monday_tagesschau-1616,173,41,7
23May_2010_Sunday_tagesschau-4334,94,21,1
06December_2011_Tuesday_tagesschau-6846,105,21,3
18April_2010_Sunday_tagesschau-6656,190,41,7
12September_2010_Sunday_tagesschau-3915,210,41,8
15December_2010_Wednesday_heute-6017,83,21,5
27July_2010_Tuesday_tagesschau-6056,112,21,6
10January_2011_Monday_tagesschau-6414,106,21,6
05January_2011_Wednesday_tagesschau-2252,34,9,5
17May_2010_Monday_tagesschau-8468,71,21,0
26August_2010_Thursday_tagesschau-4275,43,13,9
31May_2011_Tuesday_tagesschau-4300,101,21,1
22June_2011_Wednesday_heute-4385,176,41,7
07October_2012_Sunday_tagesschau-3037,188,41,4
19January_2011_Wednesday_tagesschau-7072,135,41,8
08July_2010_Thursday_tagesschau-5387,149,41,7
16December_2009_Wednesday_tagesschau-5916,140,41,4
29September_2011_Thursday_heute-4229,153,41,9
17May_2010_Monday_tagesschau-8478,97,21,1
07April_2011_Thursday_tagesschau-8096,99,21,1
10December_2011_Saturday_tagesschau-5416,90,21,8
06December_2011_Tuesday_tagesschau-6839,71,21,8
01May_2010_Saturday_tagesschau-7189,64,13,2
15September_2010_Wednesday_tagesschau-5206,118,21,6
16June_2010_Wednesday_heute-8328,43,13,8
30January_2010_Saturday_tagesschau-1698,118,21,4
24January_2010_Sunday_tagesschau-8715,70,21,1
23May_2010_Sunday_tagesschau-4344,133,41,5
18October_2010_Monday_heute-624,218,41,3
25July_2011_Monday_heute-8230,128,21,1
18April_2011_Monday_tagesschau-1318,158,41,2
29July_2010_Thursday_heute-7740,62,13,8
24January_2011_Monday_tagesschau-3717,31,9,4
27April_2010_Tuesday_tagesschau-4514,114,21,2
26November_2011_Saturday_tagesschau-5847,124,21,1
21August_2010_Saturday_tagesschau-8818,90,21,3
11July_2011_Monday_tagesschau-846,118,21,8
22December_2010_Wednesday_tagesschau-5064,126,21,8
26October_2010_Tuesday_tagesschau-5790,109,21,4
01June_2011_Wednesday_tagesschau-6951,140,41,5
20January_2010_Wednesday_heute-814,76,21,2
03August_2010_Tuesday_heute-7620,147,41,3
08July_2010_Thursday_tagesschau-5385,129,41,4
18May_2010_Tuesday_heute-3363,130,41,0
31January_2010_Sunday_tagesschau-1330,134,41,2
27November_2009_Friday_tagesschau-7330,111,21,1
24November_2011_Thursday_heute-218,141,41,8
30August_2011_Tuesday_heute-796,55,13,6
14July_2011_Thursday_heute-5861,113,21,9
27November_2011_Sunday_tagesschau-5151,75,21,2
26October_2010_Tuesday_tagesschau-5787,69,21,3
10January_2011_Monday_heute-1365,34,9,8
21August_2011_Sunday_tagesschau-260,108,21,1
22November_2011_Tuesday_tagesschau-3656,107,21,6
30December_2010_Thursday_tagesschau-2231,39,9,6
18October_2010_Monday_tagesschau-6740,175,41,8
15December_2009_Tuesday_tagesschau-6968,139,41,0
15November_2009_Sunday_tagesschau-1424,142,41,5
23September_2009_Wednesday_tagesschau-7585,107,21,2
04July_2011_Monday_tagesschau-696,143,41,0
26January_2010_Tuesday_tagesschau-2793,158,41,8
12August_2010_Thursday_tagesschau-4412,106,21,7
02October_2010_Saturday_tagesschau-1306,142,41,3
14December_2010_Tuesday_tagesschau-8457,102,21,1
21October_2010_Thursday_tagesschau-1809,82,21,0
10March_2011_Thursday_heute-49,45,13,1
07December_2011_Wednesday_heute-7809,76,21,9
09April_2010_Friday_tagesschau-7627,107,21,2
29July_2010_Thursday_tagesschau-7422,79,21,2
16March_2011_Wednesday_tagesschau-2218,189,41,2
01June_2011_Wednesday_tagesschau-6957,157,41,4
17September_2010_Friday_tagesschau-3421,95,21,6
31May_2011_Tuesday_tagesschau-4298,121,21,0
30August_2011_Tuesday_heute-790,130,41,6
06April_2010_Tuesday_heute-5973,88,21,3
06January_2010_Wednesday_heute-3529,276,41,5
28September_2010_Tuesday_tagesschau-351,221,41,2
01November_2010_Monday_heute-1706,85,21,6
15February_2011_Tuesday_tagesschau-7470,114,21,9
29September_2010_Wednesday_heute-5458,395,41,8
05October_2010_Tuesday_tagesschau-4248,102,21,6
29July_2010_Thursday_tagesschau-7415,89,21,3
10November_2010_Wednesday_tagesschau-6807,73,21,7
29March_2011_Tuesday_tagesschau-8110,195,41,4
24June_2011_Friday_tagesschau-4076,173,41,8
20November_2010_Saturday_tagesschau-1822,126,21,3
23November_2011_Wednesday_heute-2394,45,13,9
29August_2009_Saturday_tagesschau-5022,70,21,1
08September_2010_Wednesday_tagesschau-5242,127,21,4
24January_2013_Thursday_heute-7258,130,41,5
05October_2010_Tuesday_heute-1211,92,21,9
24January_2011_Monday_tagesschau-3721,80,21,2
18January_2011_Tuesday_heute-5463,34,9,6
07June_2010_Monday_heute-2329,94,21,2
28August_2010_Saturday_tagesschau-8183,137,41,5
06September_2009_Sunday_tagesschau-5307,39,9,0
30October_2009_Friday_tagesschau-2270,107,21,0
26May_2011_Thursday_tagesschau-4794,111,21,9
07April_2010_Wednesday_heute-1627,218,41,9
01July_2011_Friday_tagesschau-2759,56,13,1
05July_2010_Monday_tagesschau-1196,88,21,9
05February_2010_Friday_tagesschau-2911,79,21,7
29May_2010_Saturday_tagesschau-8418,68,21,3
11August_2009_Tuesday_tagesschau-4353,129,41,3
24March_2011_Thursday_tagesschau-3944,132,41,4
12September_2010_Sunday_tagesschau-3920,203,41,6
31October_2009_Saturday_tagesschau-7150,127,21,6
23July_2010_Friday_tagesschau-584,227,41,7
28August_2009_Friday_tagesschau-5873,141,41,5
18June_2010_Friday_tagesschau-4827,258,41,4
22September_2010_Wednesday_tagesschau-3266,111,21,5
29July_2010_Thursday_tagesschau-7416,60,13,2
14March_2011_Monday_tagesschau-7604,118,21,1
17February_2011_Thursday_heute-390,262,41,1
18February_2011_Friday_tagesschau-6829,152,41,0
24June_2011_Friday_tagesschau-4068,167,41,0
30August_2010_Monday_tagesschau-2828,104,21,5
01July_2010_Thursday_tagesschau-8794,104,21,5
05April_2010_Monday_tagesschau-3558,95,21,4
14July_2009_Tuesday_tagesschau-2429,100,21,9
25August_2010_Wednesday_tagesschau-8513,87,21,9
01June_2011_Wednesday_heute-952,153,41,9
29April_2010_Thursday_tagesschau-4884,172,41,7
27April_2010_Tuesday_tagesschau-4510,149,41,2
04May_2010_Tuesday_heute-454,132,41,1
09February_2011_Wednesday_tagesschau-2502,136,41,7
23August_2010_Monday_heute-5325,122,21,2
03June_2011_Friday_tagesschau-7649,112,21,8
28May_2011_Saturday_tagesschau-2596,134,41,9
07June_2010_Monday_tagesschau-1566,79,21,8
06October_2012_Saturday_tagesschau-8740,111,21,2
12January_2010_Tuesday_heute-2540,162,41,2
09July_2011_Saturday_tagesschau-3290,129,41,9
23May_2011_Monday_heute-6462,159,41,4
16March_2011_Wednesday_tagesschau-2222,122,21,6
31January_2013_Thursday_tagesschau-2717,100,21,6
29March_2011_Tuesday_tagesschau-8113,84,21,3
26November_2011_Saturday_tagesschau-5851,130,41,6
10May_2010_Monday_tagesschau-6852,130,41,3
15December_2010_Wednesday_heute-6011,188,41,9
03October_2010_Sunday_tagesschau-5769,137,41,9
02March_2011_Wednesday_tagesschau-4706,115,21,4
26January_2010_Tuesday_tagesschau-2792,132,41,3
06October_2010_Wednesday_tagesschau-635,138,41,1
06November_2010_Saturday_tagesschau-1158,90,21,0
17January_2010_Sunday_tagesschau-5559,138,41,7
24May_2011_Tuesday_heute-6068,77,21,4
28September_2012_Friday_tagesschau-919,54,13,2
01June_2010_Tuesday_tagesschau-5004,150,41,1
19February_2010_Friday_tagesschau-4091,127,21,9
03November_2010_Wednesday_tagesschau-6501,181,41,0
22July_2010_Thursday_heute-8812,179,41,6
09December_2010_Thursday_heute-7558,124,21,5
12May_2010_Wednesday_tagesschau-322,132,41,7
09December_2009_Wednesday_tagesschau-2557,160,41,7
21October_2009_Wednesday_tagesschau-734,74,21,0
27April_2010_Tuesday_tagesschau-4516,108,21,8
17July_2009_Friday_tagesschau-5107,61,13,7
29August_2009_Saturday_tagesschau-5032,64,13,5
14September_2010_Tuesday_tagesschau-5217,114,21,6
28October_2010_Thursday_tagesschau-5929,114,21,8
19March_2011_Saturday_tagesschau-4692,106,21,4
04May_2010_Tuesday_tagesschau-7839,229,41,9
24October_2010_Sunday_tagesschau-2900,145,41,1
27May_2011_Friday_tagesschau-8124,140,41,0
28August_2009_Friday_tagesschau-5869,101,21,0
29October_2009_Thursday_tagesschau-1022,91,21,2
02November_2010_Tuesday_heute-2755,211,41,5
21October_2009_Wednesday_tagesschau-736,131,41,6
10March_2011_Thursday_heute-55,152,41,2
29May_2011_Sunday_tagesschau-763,108,21,0
28September_2010_Tuesday_tagesschau-340,99,21,0
09August_2011_Tuesday_heute-2646,209,41,5
24November_2011_Thursday_tagesschau-8334,168,41,9
05January_2010_Tuesday_tagesschau-2673,99,21,5
25January_2013_Friday_tagesschau-7817,105,21,9
10November_2010_Wednesday_tagesschau-6802,229,41,3
18February_2011_Friday_tagesschau-6833,132,41,0
03March_2011_Thursday_tagesschau-7060,129,41,3
16April_2010_Friday_tagesschau-6583,57,13,8
17May_2010_Monday_heute-5575,108,21,1
10January_2010_Sunday_tagesschau-487,198,41,5
26November_2011_Saturday_tagesschau-5852,139,41,3
20February_2010_Saturday_tagesschau-7891,97,21,6
25November_2010_Thursday_tagesschau-2533,130,41,6
23October_2010_Saturday_tagesschau-897,126,21,2
20January_2010_Wednesday_heute-803,123,21,8
30September_2009_Wednesday_tagesschau-1775,89,21,0
06August_2010_Friday_tagesschau-2177,154,41,3
30October_2009_Friday_tagesschau-2272,125,21,0
08April_2011_Friday_tagesschau-2068,129,41,2
17January_2011_Monday_tagesschau-7004,98,21,4
12January_2010_Tuesday_heute-2547,82,21,4
19November_2009_Thursday_tagesschau-3791,77,21,1
02February_2011_Wednesday_tagesschau-7451,118,21,5
04December_2011_Sunday_tagesschau-7784,135,41,5
15July_2010_Thursday_tagesschau-4066,77,21,4
23September_2009_Wednesday_tagesschau-7587,99,21,7
15September_2010_Wednesday_heute-2475,141,41,7
06October_2012_Saturday_tagesschau-8733,60,13,9
23January_2011_Sunday_tagesschau-7827,88,21,2
13December_2010_Monday_tagesschau-6941,122,21,6
15February_2011_Tuesday_tagesschau-7477,107,21,4
26January_2010_Tuesday_tagesschau-2788,198,41,7
15February_2011_Tuesday_tagesschau-7481,97,21,5
22September_2010_Wednesday_heute-2620,66,21,7
21May_2010_Friday_tagesschau-5099,31,9,8
09June_2010_Wednesday_tagesschau-5971,83,21,8
18February_2010_Thursday_tagesschau-4529,95,21,9
14August_2011_Sunday_tagesschau-3236,145,41,5
29November_2011_Tuesday_heute-8088,177,41,6
18May_2010_Tuesday_tagesschau-3578,66,21,8
07December_2011_Wednesday_heute-7796,51,13,8
19November_2009_Thursday_tagesschau-3782,125,21,7
28July_2011_Thursday_tagesschau-8530,63,13,9
04January_2010_Monday_heute-7409,55,13,2
24November_2011_Thursday_tagesschau-8329,88,21,1
12September_2009_Saturday_tagesschau-6598,89,21,0
28September_2010_Tuesday_tagesschau-350,92,21,4
23August_2010_Monday_heute-5316,93,21,8
11February_2011_Friday_tagesschau-7752,81,21,9
15November_2009_Sunday_tagesschau-1429,134,41,0
18November_2009_Wednesday_tagesschau-5582,80,21,4
10May_2010_Monday_tagesschau-6860,208,41,8
05December_2009_Saturday_tagesschau-4698,115,21,2
06April_2010_Tuesday_tagesschau-305,217,41,8
24June_2010_Thursday_tagesschau-7301,124,21,4
26April_2010_Monday_heute-3407,93,21,2
10December_2009_Thursday_heute-7938,77,21,0
14June_2010_Monday_tagesschau-3697,163,41,1
26January_2013_Saturday_tagesschau-7343,110,21,9
29January_2010_Friday_tagesschau-6487,178,41,8
07January_2010_Thursday_tagesschau-2305,75,21,3
01May_2010_Saturday_tagesschau-7187,114,21,1
04August_2011_Thursday_tagesschau-707,46,13,4
25August_2009_Tuesday_heute-3317,96,21,4
08November_2010_Monday_tagesschau-6929,165,41,8
31January_2013_Thursday_tagesschau-2716,152,41,4
09December_2010_Thursday_heute-7561,67,21,0
14July_2010_Wednesday_tagesschau-1864,129,41,1
04December_2010_Saturday_tagesschau-4847,134,41,5
13September_2010_Monday_heute-7165,120,21,4
23April_2010_Friday_tagesschau-3661,145,41,9
20September_2010_Monday_heute-2927,87,21,4
30May_2011_Monday_heute-3683,39,9,5
02September_2010_Thursday_heute-3458,223,41,4
11November_2010_Thursday_tagesschau-3568,179,41,8
25July_2011_Monday_heute-8222,154,41,1
24February_2011_Thursday_tagesschau-4759,113,21,9
02November_2010_Tuesday_tagesschau-2036,120,21,6
07May_2010_Friday_tagesschau-3603,61,13,8
05January_2011_Wednesday_heute-3541,182,41,3
21October_2009_Wednesday_tagesschau-742,187,41,1
11September_2009_Friday_tagesschau-8775,86,21,6
16September_2010_Thursday_tagesschau-6275,171,41,5
23May_2010_Sunday_tagesschau-4341,100,21,8
24June_2011_Friday_tagesschau-4072,177,41,5
02June_2010_Wednesday_tagesschau-7156,96,21,8
12April_2010_Monday_tagesschau-359,152,41,9
01August_2011_Monday_heute-4871,74,21,6
24March_2011_Thursday_heute-6382,160,41,8
22November_2011_Tuesday_heute-4653,195,41,7
09March_2011_Wednesday_heute-1747,158,41,4
26August_2009_Wednesday_tagesschau-3217,69,21,6
17April_2010_Saturday_tagesschau-402,177,41,2
30October_2009_Friday_tagesschau-2269,107,21,2
24March_2011_Thursday_tagesschau-3947,86,21,4
17February_2011_Thursday_heute-391,131,41,0
03November_2009_Tuesday_tagesschau-8144,119,21,1
01October_2012_Monday_tagesschau-5362,133,41,3
06April_2010_Tuesday_tagesschau-302,92,21,4
11November_2010_Thursday_tagesschau-3571,46,13,1
04March_2011_Friday_tagesschau-2843,122,21,9
22May_2010_Saturday_tagesschau-2741,57,13,7
13July_2010_Tuesday_tagesschau-4309,78,21,8
14July_2009_Tuesday_tagesschau-2420,100,21,7
26January_2013_Saturday_tagesschau-7347,126,21,1
10December_2009_Thursday_heute-7931,50,13,7
01October_2009_Thursday_tagesschau-419,37,9,8
12April_2010_Monday_heute-7696,92,21,7
04February_2010_Thursday_heute-7968,126,21,8
25February_2010_Thursday_tagesschau-1752,130,41,3
28August_2010_Saturday_tagesschau-8185,166,41,0
09August_2010_Monday_heute-5900,114,21,1
29August_2011_Monday_tagesschau-5714,180,41,0
15December_2010_Wednesday_heute-6013,202,41,9
25January_2010_Monday_heute-1473,43,13,9
21October_2011_Friday_tagesschau-4102,87,21,6
20February_2011_Sunday_tagesschau-3167,198,41,1
01August_2011_Monday_heute-4851,72,21,3
22July_2009_Wednesday_tagesschau-2878,123,21,0
07May_2010_Friday_tagesschau-3611,78,21,3
22July_2010_Thursday_heute-8813,90,21,3
24May_2011_Tuesday_tagesschau-4475,113,21,6
21November_2009_Saturday_tagesschau-4899,110,21,7
26October_2010_Tuesday_tagesschau-5784,108,21,8
19July_2009_Sunday_tagesschau-1567,91,21,3
06January_2011_Thursday_tagesschau-5649,70,21,1
27August_2009_Thursday_tagesschau-3277,69,21,8
10December_2009_Thursday_heute-7930,38,9,3
07February_2010_Sunday_tagesschau-490,111,21,7
04December_2011_Sunday_tagesschau-7789,141,41,4
12July_2010_Monday_heute-249,153,41,6
29August_2011_Monday_tagesschau-5711,104,21,5
30July_2011_Saturday_tagesschau-8587,103,21,1
04October_2012_Thursday_tagesschau-4917,129,41,5
18October_2009_Sunday_tagesschau-6680,100,21,6
31January_2013_Thursday_tagesschau-2709,164,41,0
18July_2010_Sunday_tagesschau-6217,176,41,2
21March_2011_Monday_tagesschau-4415,121,21,5
12November_2009_Thursday_tagesschau-6776,63,13,6
16February_2010_Tuesday_tagesschau-6104,59,13,3
30March_2010_Tuesday_tagesschau-5705,120,21,1
18October_2010_Monday_heute-625,278,41,8
31May_2011_Tuesday_tagesschau-4296,175,41,3
15September_2010_Wednesday_tagesschau-5208,176,41,8
17May_2010_Monday_heute-5565,222,41,6
06February_2010_Saturday_tagesschau-7369,116,21,5
25September_2010_Saturday_tagesschau-3488,148,41,3
17October_2009_Saturday_tagesschau-2134,133,41,6
02December_2010_Thursday_tagesschau-3635,132,41,1
06October_2011_Thursday_heute-5538,85,21,4
08January_2010_Friday_tagesschau-3976,94,21,9
26July_2010_Monday_tagesschau-6261,141,41,5
05October_2011_Wednesday_heute-1073,69,21,1
06September_2010_Monday_tagesschau-1141,107,21,7
02October_2012_Tuesday_heute-3503,38,9,0
16December_2011_Friday_tagesschau-6538,83,21,1
24August_2009_Monday_heute-6649,52,13,5
26November_2011_Saturday_tagesschau-5843,74,21,1
21January_2011_Friday_tagesschau-4887,120,21,5
05September_2010_Sunday_tagesschau-3129,115,21,1
18November_2009_Wednesday_tagesschau-5590,152,41,7
11July_2009_Saturday_tagesschau-662,116,21,2
06January_2010_Wednesday_heute-3518,48,13,2
15September_2010_Wednesday_tagesschau-5202,131,41,1
11January_2011_Tuesday_heute-8178,101,21,6
19October_2010_Tuesday_heute-8052,206,41,5
09July_2010_Friday_tagesschau-590,81,21,3
28November_2011_Monday_heute-1582,162,41,6
09July_2009_Thursday_tagesschau-7123,69,21,7
10August_2010_Tuesday_tagesschau-3875,67,21,6
15March_2011_Tuesday_tagesschau-3332,154,41,3
12September_2010_Sunday_tagesschau-3917,171,41,7
10August_2010_Tuesday_heute-1454,86,21,2
27April_2010_Tuesday_tagesschau-4518,66,21,6
05January_2010_Tuesday_tagesschau-2674,157,41,9
02June_2010_Wednesday_tagesschau-7158,182,41,4
27August_2010_Friday_tagesschau-5159,67,21,7
29October_2009_Thursday_tagesschau-1020,147,41,1
29September_2011_Thursday_tagesschau-7231,103,21,4
05May_2011_Thursday_heute-3748,127,21,4
30September_2009_Wednesday_tagesschau-1768,33,9,4
20July_2010_Tuesday_heute-5249,154,41,3
11May_2010_Tuesday_heute-5985,41,13,7
04August_2011_Thursday_tagesschau-711,88,21,0
30August_2011_Tuesday_heute-786,176,41,1
17May_2010_Monday_heute-5574,89,21,4
12December_2011_Monday_tagesschau-8274,36,9,8
18November_2011_Friday_tagesschau-2151,217,41,9
19February_2010_Friday_tagesschau-4094,180,41,6
06July_2009_Monday_tagesschau-2111,101,21,2
09February_2011_Wednesday_tagesschau-2510,47,13,9
29July_2010_Thursday_heute-7739,207,41,5
22January_2010_Friday_tagesschau-905,45,13,3
02July_2009_Thursday_tagesschau-2859,93,21,2
21July_2010_Wednesday_tagesschau-7383,100,21,5
05July_2009_Sunday_tagesschau-4446,69,21,2
13July_2009_Monday_tagesschau-7511,77,21,8
24September_2010_Friday_tagesschau-214,78,21,0
14July_2009_Tuesday_tagesschau-2424,40,9,2
11August_2009_Tuesday_tagesschau-4352,58,13,4
13October_2009_Tuesday_tagesschau-1656,92,21,6
23July_2011_Saturday_tagesschau-5501,122,21,3
19February_2011_Saturday_tagesschau-5276,180,41,8
09December_2010_Thursday_heute-7547,53,13,7
01August_2011_Monday_heute-4863,161,41,0
02March_2011_Wednesday_tagesschau-4708,64,13,7
22October_2010_Friday_tagesschau-2408,134,41,0
24September_2010_Friday_tagesschau-211,91,21,3
23December_2010_Thursday_tagesschau-1435,211,41,8
12March_2011_Saturday_tagesschau-2459,85,21,8
17September_2010_Friday_tagesschau-3416,102,21,9
08June_2010_Tuesday_heute-1997,162,41,5
12August_2010_Thursday_tagesschau-4404,207,41,5
26August_2010_Thursday_tagesschau-4269,153,41,3
03April_2010_Saturday_tagesschau-2977,238,41,9
21July_2009_Tuesday_tagesschau-8059,103,21,7
04January_2010_Monday_heute-7402,163,41,9
03July_2010_Saturday_tagesschau-4577,80,21,8
09December_2011_Friday_tagesschau-8443,145,41,8
22October_2009_Thursday_tagesschau-1134,111,21,3
15July_2009_Wednesday_tagesschau-5288,94,21,7
13September_2010_Monday_tagesschau-4599,140,41,5
07May_2010_Friday_tagesschau-3610,141,41,0
31October_2009_Saturday_tagesschau-7148,84,21,4
29May_2011_Sunday_tagesschau-767,195,41,6
25November_2009_Wednesday_tagesschau-7679,37,9,8
11November_2010_Thursday_tagesschau-3569,146,41,6
05July_2010_Monday_heute-8687,165,41,9
17May_2010_Monday_tagesschau-8474,130,41,9
28October_2009_Wednesday_tagesschau-4546,77,21,3
04April_2010_Sunday_tagesschau-4563,113,21,4
17February_2010_Wednesday_tagesschau-4929,133,41,2
29September_2010_Wednesday_heute-5461,219,41,7
25January_2013_Friday_tagesschau-7818,155,41,3
22July_2009_Wednesday_tagesschau-2872,120,21,8
29May_2011_Sunday_tagesschau-762,100,21,1
09August_2011_Tuesday_heute-2644,305,41,8
16May_2010_Sunday_tagesschau-5232,100,21,1
23July_2010_Friday_tagesschau-577,133,41,8
08June_2010_Tuesday_tagesschau-5523,118,21,3
26April_2010_Monday_heute-3394,137,41,9
10January_2010_Sunday_tagesschau-483,116,21,9
31March_2010_Wednesday_tagesschau-1010,84,21,6
05October_2010_Tuesday_heute-1217,190,41,7
14October_2009_Wednesday_tagesschau-532,92,21,8
06November_2010_Saturday_tagesschau-1166,66,21,6
31January_2011_Monday_heute-3046,66,21,6
06September_2010_Monday_tagesschau-1146,119,21,4
25February_2010_Thursday_tagesschau-1754,82,21,7
10August_2011_Wednesday_tagesschau-6293,130,41,1
07November_2010_Sunday_tagesschau-1983,103,21,1
22September_2010_Wednesday_heute-2618,103,21,7
07February_2011_Monday_tagesschau-1609,149,41,8
15May_2010_Saturday_tagesschau-5662,96,21,3
28October_2010_Thursday_tagesschau-5931,124,21,0
13September_2010_Monday_heute-7171,104,21,1
25October_2010_Monday_tagesschau-18,226,41,6
10December_2011_Saturday_tagesschau-5415,53,13,6
09June_2010_Wednesday_heute-8256,87,21,3
07April_2010_Wednesday_heute-1623,108,21,8
07December_2011_Wednesday_tagesschau-5404,51,13,7
26April_2010_Monday_tagesschau-7269,94,21,9
05April_2011_Tuesday_tagesschau-6424,126,21,6
18October_2009_Sunday_tagesschau-6693,102,21,0
25August_2009_Tuesday_heute-3315,95,21,1
17April_2010_Saturday_tagesschau-398,48,13,6
15September_2010_Wednesday_heute-2485,154,41,7
20February_2010_Saturday_tagesschau-7901,192,41,7
01July_2011_Friday_tagesschau-2761,101,21,1
05April_2011_Tuesday_heute-5124,139,41,1
30August_2011_Tuesday_heute-787,105,21,0
06July_2010_Tuesday_tagesschau-2655,74,21,4
13December_2010_Monday_tagesschau-6938,107,21,9
04August_2011_Thursday_tagesschau-706,100,21,5
05October_2011_Wednesday_heute-1078,117,21,0
09February_2011_Wednesday_tagesschau-2509,90,21,5
28July_2010_Wednesday_tagesschau-865,100,21,3
15June_2010_Tuesday_tagesschau-88,154,41,3
23July_2010_Friday_tagesschau-580,166,41,9
14June_2010_Monday_heute-1598,120,21,4
02October_2009_Friday_tagesschau-1360,98,21,5
28January_2010_Thursday_tagesschau-2811,96,21,6
09January_2010_Saturday_tagesschau-1931,35,9,9
07December_2010_Tuesday_heute-5638,64,13,5
27April_2010_Tuesday_heute-1037,67,21,6
04April_2011_Monday_heute-972,36,9,4
08February_2010_Monday_tagesschau-2798,101,21,6
23November_2011_Wednesday_heute-2399,124,21,7
23February_2011_Wednesday_heute-3779,155,41,3
24January_2011_Monday_heute-6979,114,21,4
30September_2009_Wednesday_tagesschau-1772,79,21,0
01November_2010_Monday_heute-1718,111,21,1
01May_2010_Saturday_tagesschau-7188,132,41,8
08April_2011_Friday_tagesschau-2070,150,41,4
27July_2010_Tuesday_tagesschau-6057,115,21,5
13May_2010_Thursday_tagesschau-7918,201,41,9
14February_2010_Sunday_tagesschau-3838,127,21,7
06October_2010_Wednesday_tagesschau-633,123,21,1
13December_2010_Monday_tagesschau-6935,159,41,6
29June_2011_Wednesday_tagesschau-4486,130,41,1
03October_2012_Wednesday_tagesschau-7664,121,21,0
07December_2010_Tuesday_tagesschau-4146,132,41,3
28November_2010_Sunday_tagesschau-2436,122,21,6
12April_2010_Monday_heute-7683,69,21,6
22November_2010_Monday_heute-285,180,41,6
25July_2011_Monday_heute-8232,91,21,3
06June_2010_Sunday_tagesschau-6371,130,41,9
09January_2010_Saturday_tagesschau-1921,66,21,6
05July_2010_Monday_heute-8691,77,21,3
18January_2010_Monday_heute-3851,74,21,1
16November_2009_Monday_tagesschau-3096,121,21,1
11May_2011_Wednesday_tagesschau-7012,94,21,0
14October_2010_Thursday_tagesschau-301,121,21,4
25July_2010_Sunday_tagesschau-4782,106,21,5
22November_2011_Tuesday_heute-4652,191,41,2
05January_2011_Wednesday_tagesschau-2243,165,41,1
24January_2013_Thursday_heute-7253,49,13,6
19October_2010_Tuesday_heute-8047,67,21,0
09August_2011_Tuesday_tagesschau-2585,123,21,1
06December_2010_Monday_heute-6203,110,21,0
04October_2010_Monday_heute-5956,75,21,4
28July_2011_Thursday_tagesschau-8523,148,41,8
22August_2010_Sunday_tagesschau-1348,140,41,9
11January_2011_Tuesday_tagesschau-8022,129,41,5
11August_2011_Thursday_heute-3190,127,21,8
29June_2010_Tuesday_tagesschau-7708,188,41,5
27August_2010_Friday_tagesschau-5158,66,21,4
14June_2010_Monday_heute-1595,212,41,9
01April_2011_Friday_tagesschau-3382,131,41,9
05July_2011_Tuesday_tagesschau-6133,111,21,7
24December_2010_Friday_tagesschau-5131,66,21,4
16July_2009_Thursday_tagesschau-5049,115,21,7
23September_2009_Wednesday_tagesschau-7580,51,13,9
06October_2011_Thursday_heute-5543,83,21,1
24December_2010_Friday_tagesschau-5135,117,21,6
24December_2010_Friday_tagesschau-5134,125,21,6
02October_2012_Tuesday_heute-3492,244,41,5
01October_2012_Monday_heute-437,73,21,5
25November_2011_Friday_tagesschau-4395,107,21,7
16September_2010_Thursday_tagesschau-6279,109,21,1
11September_2010_Saturday_tagesschau-4996,116,21,8
20September_2010_Monday_heute-2933,29,9,1
23April_2010_Friday_tagesschau-3660,222,41,9
15February_2011_Tuesday_heute-7907,126,21,7
12July_2010_Monday_tagesschau-379,85,21,0
03February_2010_Wednesday_heute-2353,134,41,9
19January_2011_Wednesday_heute-2681,168,41,1
09January_2010_Saturday_tagesschau-1924,170,41,4
25September_2010_Saturday_tagesschau-3482,125,21,8
06December_2011_Tuesday_heute-1548,69,21,9
04July_2010_Sunday_tagesschau-7204,107,21,1
27June_2011_Monday_heute-2460,49,13,0
12August_2010_Thursday_tagesschau-4402,101,21,1
14September_2010_Tuesday_tagesschau-5216,78,21,3
17September_2010_Friday_tagesschau-3418,79,21,5
28January_2013_Monday_heute-8005,148,41,3
30January_2013_Wednesday_tagesschau-470,61,13,5
09September_2010_Thursday_tagesschau-4371,109,21,9
02December_2009_Wednesday_tagesschau-4048,149,41,8
14May_2010_Friday_tagesschau-4804,144,41,0
24February_2011_Thursday_tagesschau-4766,175,41,4
11July_2011_Monday_tagesschau-858,93,21,3
23September_2010_Thursday_heute-6471,75,21,3
16December_2011_Friday_tagesschau-6527,80,21,0
06December_2011_Tuesday_heute-1547,132,41,9
07June_2010_Monday_tagesschau-1560,177,41,0
10March_2011_Thursday_tagesschau-5087,95,21,8
08June_2010_Tuesday_tagesschau-5522,66,21,2
26May_2010_Wednesday_tagesschau-6724,186,41,0
10November_2010_Wednesday_tagesschau-6806,189,41,0
09December_2011_Friday_tagesschau-8436,103,21,3
14February_2010_Sunday_tagesschau-3833,102,21,9
01December_2011_Thursday_tagesschau-3472,79,21,7
14August_2011_Sunday_tagesschau-3239,160,41,6
29May_2010_Saturday_tagesschau-8412,87,21,6
08May_2010_Saturday_tagesschau-178,76,21,7
20March_2010_Saturday_heute-7281,42,13,7
05December_2011_Monday_heute-7434,131,41,0
25July_2010_Sunday_tagesschau-4778,105,21,8
13April_2011_Wednesday_tagesschau-1681,100,21,9
26April_2010_Monday_heute-3400,70,21,7
29August_2011_Monday_tagesschau-5715,143,41,1
11February_2010_Thursday_tagesschau-8765,104,21,1
14April_2010_Wednesday_heute-1888,267,41,4
21April_2010_Wednesday_tagesschau-6238,99,21,5
28October_2010_Thursday_heute-328,107,21,5
08November_2010_Monday_tagesschau-6926,156,41,8
27August_2009_Thursday_tagesschau-3279,132,41,2
30May_2011_Monday_heute-3681,51,13,8
02October_2012_Tuesday_tagesschau-2858,108,21,6
24May_2011_Tuesday_heute-6073,46,13,5
02December_2010_Thursday_heute-8449,260,41,8
23August_2010_Monday_tagesschau-4439,87,21,6
24January_2010_Sunday_tagesschau-8707,38,9,8
01May_2010_Saturday_tagesschau-7191,142,41,7
11December_2010_Saturday_tagesschau-8665,49,13,2
13December_2010_Monday_tagesschau-6936,179,41,9
27February_2010_Saturday_tagesschau-7773,154,41,9
13April_2011_Wednesday_tagesschau-1682,87,21,1
31July_2010_Saturday_tagesschau-2489,157,41,3
26October_2009_Monday_tagesschau-1398,188,41,2
09August_2010_Monday_heute-5903,50,13,2
25January_2011_Tuesday_tagesschau-2984,152,41,4
18December_2010_Saturday_tagesschau-6130,107,21,4
15July_2009_Wednesday_tagesschau-5292,103,21,3
20October_2011_Thursday_tagesschau-504,96,21,2
29September_2010_Wednesday_tagesschau-1784,114,21,5
04October_2012_Thursday_tagesschau-4921,37,9,1
26April_2010_Monday_heute-3391,65,13,8
13July_2011_Wednesday_tagesschau-7981,182,41,0
20June_2011_Monday_heute-6519,150,41,9
31October_2009_Saturday_tagesschau-7149,173,41,3
02September_2010_Thursday_heute-3462,51,13,8
22May_2010_Saturday_tagesschau-2731,152,41,3
09December_2010_Thursday_heute-7553,37,9,2
14October_2009_Wednesday_tagesschau-531,53,13,4
16December_2011_Friday_tagesschau-6534,46,13,5
09September_2010_Thursday_tagesschau-4376,70,21,3
27January_2013_Sunday_tagesschau-8837,104,21,2
06May_2010_Thursday_heute-1043,133,41,1
04May_2010_Tuesday_heute-458,104,21,4
05November_2010_Friday_tagesschau-1874,245,41,4
30September_2009_Wednesday_tagesschau-1765,132,41,1
30June_2009_Tuesday_tagesschau-2947,172,41,6
08June_2010_Tuesday_tagesschau-5528,113,21,5
14December_2009_Monday_tagesschau-2099,155,41,3
22July_2010_Thursday_heute-8801,143,41,9
12April_2010_Monday_tagesschau-356,40,9,8
11January_2011_Tuesday_heute-8181,58,13,5
05December_2011_Monday_heute-7436,74,21,4
22September_2010_Wednesday_heute-2616,116,21,1
08November_2010_Monday_heute-6879,134,41,2
26November_2011_Saturday_tagesschau-5841,89,21,0
18October_2010_Monday_tagesschau-6746,172,41,4
09December_2009_Wednesday_heute-4746,96,21,7
20February_2010_Saturday_tagesschau-7895,57,13,2
22January_2010_Friday_tagesschau-904,46,13,5
24November_2009_Tuesday_tagesschau-5693,77,21,4
20August_2010_Friday_tagesschau-2721,140,41,5
05December_2009_Saturday_tagesschau-4699,122,21,6
19April_2010_Monday_tagesschau-1389,81,21,2
21October_2011_Friday_tagesschau-4106,147,41,0
04October_2010_Monday_tagesschau-4724,150,41,9
08June_2010_Tuesday_tagesschau-5531,66,21,8
05May_2010_Wednesday_tagesschau-3356,109,21,6
14July_2010_Wednesday_heute-6193,95,21,4
04December_2009_Friday_tagesschau-836,83,21,6
24March_2011_Thursday_heute-6377,153,41,9
25April_2010_Sunday_tagesschau-4943,149,41,7
13April_2011_Wednesday_tagesschau-1687,142,41,5
14October_2009_Wednesday_tagesschau-517,102,21,8
03December_2009_Thursday_tagesschau-7224,102,21,9
10May_2010_Monday_tagesschau-6856,43,13,4
22September_2010_Wednesday_tagesschau-3263,109,21,4
11January_2011_Tuesday_tagesschau-8023,79,21,8
03October_2012_Wednesday_tagesschau-7659,170,41,5
02September_2010_Thursday_heute-3455,120,21,3
01March_2011_Tuesday_tagesschau-2212,89,21,3
18July_2010_Sunday_tagesschau-6223,121,21,0
29July_2010_Thursday_tagesschau-7424,60,13,8
24February_2011_Thursday_tagesschau-4765,42,13,3
06May_2010_Thursday_heute-1050,150,41,8
21April_2010_Wednesday_heute-3117,57,13,3
24March_2011_Thursday_tagesschau-3940,97,21,8
10August_2009_Monday_heute-6889,132,41,6
09February_2011_Wednesday_heute-7542,153,41,8
31May_2011_Tuesday_tagesschau-4299,95,21,3
31January_2013_Thursday_tagesschau-2711,167,41,2
09November_2010_Tuesday_tagesschau-752,143,41,7
06December_2011_Tuesday_heute-1540,110,21,1
28April_2010_Wednesday_heute-5190,125,21,3
02December_2011_Friday_tagesschau-8008,175,41,1
24January_2011_Monday_heute-6977,225,41,8
15February_2011_Tuesday_tagesschau-7471,90,21,0
29January_2011_Saturday_tagesschau-8651,106,21,5
21June_2011_Tuesday_tagesschau-1263,196,41,4
18July_2010_Sunday_tagesschau-6219,109,21,1
17January_2011_Monday_tagesschau-7010,147,41,5
11February_2011_Friday_tagesschau-7756,159,41,3
09August_2010_Monday_heute-5895,123,21,7
01October_2012_Monday_heute-440,79,21,6
07April_2010_Wednesday_tagesschau-6033,123,21,1
05September_2009_Saturday_tagesschau-4080,88,21,5
30March_2010_Tuesday_heute-7572,239,41,3
08November_2010_Monday_heute-6882,158,41,7
14May_2010_Friday_tagesschau-4800,113,21,0
08May_2010_Saturday_tagesschau-174,98,21,9
22September_2010_Wednesday_tagesschau-3260,143,41,2
25July_2011_Monday_heute-8227,119,21,2
09February_2010_Tuesday_tagesschau-4493,83,21,7
28November_2011_Monday_heute-1585,114,21,3
30December_2010_Thursday_tagesschau-2228,80,21,4
10December_2011_Saturday_tagesschau-5407,101,21,3
09June_2010_Wednesday_heute-8264,64,13,2
14September_2010_Tuesday_tagesschau-5212,113,21,8
07February_2010_Sunday_tagesschau-489,157,41,9
23September_2010_Thursday_tagesschau-3447,98,21,7
03December_2011_Saturday_tagesschau-8674,100,21,0
11May_2010_Tuesday_tagesschau-1963,177,41,8
14October_2010_Thursday_tagesschau-300,159,41,2
15September_2010_Wednesday_tagesschau-5199,115,21,8
10November_2010_Wednesday_tagesschau-6801,144,41,3
27November_2011_Sunday_tagesschau-5143,33,9,8
30January_2011_Sunday_tagesschau-6353,102,21,2
08November_2010_Monday_tagesschau-6932,92,21,2
05October_2010_Tuesday_tagesschau-4245,115,21,7
17January_2010_Sunday_tagesschau-5556,80,21,2
13August_2009_Thursday_tagesschau-8486,59,13,5
07December_2011_Wednesday_heute-7803,180,41,2
20August_2010_Friday_tagesschau-2724,104,21,6
03August_2010_Tuesday_heute-7613,134,41,6
30November_2009_Monday_tagesschau-5759,34,9,8
27April_2010_Tuesday_heute-1031,199,41,9
21November_2011_Monday_heute-5429,217,41,7
15September_2010_Wednesday_heute-2472,42,13,2
23January_2011_Sunday_tagesschau-7832,124,21,1
20July_2010_Tuesday_tagesschau-7887,165,41,6
24August_2010_Tuesday_heute-3015,97,21,4
09June_2010_Wednesday_tagesschau-5965,138,41,5
17May_2010_Monday_heute-5567,163,41,6
24May_2011_Tuesday_heute-6060,163,41,0
07May_2011_Saturday_tagesschau-109,130,41,1
19April_2010_Monday_tagesschau-1380,58,13,7
22December_2010_Wednesday_tagesschau-5068,100,21,4
06October_2012_Saturday_tagesschau-8735,49,13,7
19October_2009_Monday_tagesschau-241,99,21,4
30November_2011_Wednesday_tagesschau-6287,213,41,7
23November_2011_Wednesday_tagesschau-978,151,41,5
01June_2011_Wednesday_tagesschau-6948,96,21,8
06October_2009_Tuesday_tagesschau-8155,179,41,6
20September_2010_Monday_heute-2932,75,21,8
29November_2011_Tuesday_heute-8086,224,41,8
31October_2009_Saturday_tagesschau-7146,97,21,5
19October_2009_Monday_tagesschau-231,62,13,9
23May_2011_Monday_tagesschau-1101,155,41,5
09December_2009_Wednesday_heute-4742,74,21,8
14June_2010_Monday_tagesschau-3696,70,21,6
15April_2010_Thursday_tagesschau-5778,76,21,8
07December_2011_Wednesday_heute-7799,107,21,8
11January_2011_Tuesday_heute-8180,122,21,8
20November_2011_Sunday_tagesschau-535,132,41,9
24May_2011_Tuesday_tagesschau-4479,177,41,4
15October_2009_Thursday_tagesschau-7713,72,21,7
10November_2010_Wednesday_tagesschau-6798,90,21,6
19February_2011_Saturday_tagesschau-5277,89,21,3
11April_2010_Sunday_tagesschau-8643,101,21,3
24January_2013_Thursday_tagesschau-6332,56,13,2
03June_2010_Thursday_tagesschau-2639,163,41,5
12January_2011_Wednesday_tagesschau-1737,114,21,5
30March_2010_Tuesday_heute-7565,137,41,0
15July_2011_Friday_tagesschau-8724,118,21,2
18February_2010_Thursday_tagesschau-4519,104,21,9
30September_2012_Sunday_tagesschau-4029,269,41,2
21November_2011_Monday_heute-5432,97,21,1
03February_2010_Wednesday_tagesschau-2060,106,21,2
29June_2011_Wednesday_tagesschau-4487,90,21,9
12December_2010_Sunday_tagesschau-5610,65,13,0
22November_2009_Sunday_tagesschau-5492,105,21,6
04February_2010_Thursday_heute-7974,121,21,7
28November_2010_Sunday_tagesschau-2444,111,21,9
26May_2010_Wednesday_tagesschau-6717,171,41,4
04December_2010_Saturday_tagesschau-4842,102,21,9
23May_2011_Monday_tagesschau-1098,157,41,1
28January_2013_Monday_tagesschau-3628,135,41,5
14June_2010_Monday_heute-1606,111,21,6
22April_2010_Thursday_tagesschau-3726,80,21,6
10March_2011_Thursday_tagesschau-5085,126,21,6
02November_2010_Tuesday_heute-2753,171,41,4
09July_2011_Saturday_tagesschau-3291,64,13,1
10December_2011_Saturday_tagesschau-5411,69,21,2
28May_2011_Saturday_tagesschau-2603,67,21,5
20March_2010_Saturday_heute-7295,63,13,1
03July_2011_Sunday_tagesschau-1670,103,21,9
24August_2009_Monday_heute-6636,34,9,8
18September_2010_Saturday_tagesschau-4187,156,41,3
07December_2011_Wednesday_tagesschau-5391,81,21,0
15September_2010_Wednesday_tagesschau-5204,135,41,6
13April_2011_Wednesday_tagesschau-1686,131,41,5
10November_2009_Tuesday_tagesschau-7249,114,21,3
23January_2011_Sunday_tagesschau-7836,115,21,6
06January_2010_Wednesday_tagesschau-7732,49,13,4
12December_2011_Monday_tagesschau-8277,81,21,9
24October_2009_Saturday_tagesschau-4281,74,21,4
19August_2010_Thursday_tagesschau-991,114,21,2
18October_2010_Monday_tagesschau-6749,77,21,5
12December_2010_Sunday_tagesschau-5602,87,21,6
07February_2011_Monday_heute-4666,133,41,1
25August_2010_Wednesday_heute-5999,226,41,0
28October_2010_Thursday_tagesschau-5928,97,21,1
04July_2010_Sunday_tagesschau-7201,127,21,2
18May_2010_Tuesday_heute-3368,90,21,4
04January_2011_Tuesday_tagesschau-1062,56,13,0
22April_2010_Thursday_heute-2115,61,13,8
11November_2010_Thursday_tagesschau-3559,94,21,0
14December_2010_Tuesday_heute-645,216,41,0
30November_2011_Wednesday_tagesschau-6285,138,41,1
27November_2009_Friday_tagesschau-7329,117,21,2
11July_2011_Monday_tagesschau-852,117,21,2
01November_2010_Monday_heute-1710,206,41,4
22June_2011_Wednesday_heute-4387,92,21,2
17October_2009_Saturday_tagesschau-2128,181,41,2
25October_2010_Monday_heute-2041,121,21,6
01May_2010_Saturday_tagesschau-7186,97,21,7
09June_2010_Wednesday_heute-8262,161,41,7
15February_2011_Tuesday_heute-7910,116,21,1
30March_2011_Wednesday_tagesschau-7135,57,13,0
21October_2009_Wednesday_tagesschau-731,121,21,6
15February_2011_Tuesday_tagesschau-7476,149,41,3
24March_2011_Thursday_heute-6380,108,21,9
17February_2011_Thursday_tagesschau-6308,144,41,2
02December_2011_Friday_tagesschau-8013,158,41,9
31March_2010_Wednesday_tagesschau-1007,78,21,4
29November_2011_Tuesday_heute-8089,249,41,5
01March_2011_Tuesday_tagesschau-2207,83,21,3
06July_2009_Monday_tagesschau-2110,177,41,0
12December_2011_Monday_heute-5808,115,21,2
04September_2010_Saturday_tagesschau-7319,65,13,4
30November_2011_Wednesday_tagesschau-6290,70,21,7
03December_2011_Saturday_tagesschau-8685,107,21,3
28September_2009_Monday_tagesschau-4676,146,41,3
03September_2010_Friday_tagesschau-8426,122,21,6
22November_2010_Monday_heute-280,80,21,4
11January_2011_Tuesday_heute-8169,138,41,3
30March_2010_Tuesday_tagesschau-5701,163,41,7
08June_2010_Tuesday_heute-1996,80,21,2
09August_2010_Monday_tagesschau-3003,111,21,5
09August_2009_Sunday_tagesschau-1188,128,21,9
24May_2011_Tuesday_heute-6064,94,21,4
02September_2010_Thursday_tagesschau-8359,101,21,6
12July_2010_Monday_tagesschau-370,82,21,6
14September_2010_Tuesday_heute-8250,44,13,6
30August_2011_Tuesday_heute-785,146,41,4
12January_2011_Wednesday_heute-6392,136,41,7
31August_2010_Tuesday_tagesschau-5169,82,21,9
04January_2011_Tuesday_tagesschau-1059,176,41,2
13October_2009_Tuesday_tagesschau-1653,182,41,2
12January_2010_Tuesday_heute-2539,58,13,2
23May_2011_Monday_tagesschau-1103,96,21,8
01October_2010_Friday_tagesschau-2698,109,21,3
22July_2009_Wednesday_tagesschau-2881,49,13,9
27May_2010_Thursday_heute-1232,159,41,4
12July_2009_Sunday_tagesschau-2580,97,21,0
30March_2010_Tuesday_tagesschau-5703,72,21,1
05January_2011_Wednesday_heute-3532,62,13,5
02March_2011_Wednesday_tagesschau-4705,47,13,2
28January_2010_Thursday_tagesschau-2815,204,41,4
01October_2012_Monday_heute-444,107,21,0
03August_2010_Tuesday_tagesschau-2775,168,41,8
30June_2009_Tuesday_tagesschau-2952,116,21,4
10December_2009_Thursday_heute-7934,84,21,5
30June_2009_Tuesday_tagesschau-2951,134,41,1
25August_2010_Wednesday_tagesschau-8515,141,41,9
23July_2009_Thursday_tagesschau-6759,114,21,5
13May_2010_Thursday_tagesschau-7922,87,21,3
22November_2009_Sunday_tagesschau-5483,158,41,8
18October_2010_Monday_heute-623,93,21,5
09July_2009_Thursday_tagesschau-7124,85,21,4
14December_2010_Tuesday_tagesschau-8454,99,21,6
02September_2010_Thursday_heute-3460,166,41,6
19January_2011_Wednesday_heute-2684,213,41,9
06December_2009_Sunday_tagesschau-5510,139,41,1
21March_2011_Monday_tagesschau-4426,69,21,4
18February_2010_Thursday_tagesschau-4525,237,41,4
17October_2009_Saturday_tagesschau-2129,114,21,3
21October_2011_Friday_tagesschau-4116,138,41,4
20November_2010_Saturday_tagesschau-1831,110,21,0
25July_2010_Sunday_tagesschau-4779,233,41,2
21August_2010_Saturday_tagesschau-8823,104,21,1
24May_2010_Monday_tagesschau-3145,138,41,8
29June_2010_Tuesday_tagesschau-7698,79,21,4
25August_2010_Wednesday_heute-5998,60,13,5
21October_2009_Wednesday_tagesschau-740,86,21,0
04May_2011_Wednesday_heute-3997,177,41,0
18June_2010_Friday_tagesschau-4833,151,41,2
14December_2009_Monday_tagesschau-2090,137,41,1
28November_2010_Sunday_tagesschau-2438,59,13,2
11January_2011_Tuesday_heute-8172,43,13,6
05July_2010_Monday_heute-8699,33,9,8
15May_2010_Saturday_tagesschau-5655,123,21,9
18November_2009_Wednesday_tagesschau-5592,58,13,5
06February_2011_Sunday_tagesschau-6912,94,21,1
26August_2009_Wednesday_tagesschau-3224,117,21,9
11August_2009_Tuesday_tagesschau-4359,88,21,9
24March_2011_Thursday_tagesschau-3946,113,21,6
21January_2011_Friday_tagesschau-4897,123,21,9
06May_2010_Thursday_tagesschau-5734,114,21,0
02August_2010_Monday_heute-1248,92,21,8
02December_2010_Thursday_tagesschau-3638,52,13,3
17February_2011_Thursday_heute-385,172,41,4
16January_2010_Saturday_tagesschau-8078,112,21,2
13March_2011_Sunday_tagesschau-4459,170,41,7
11January_2011_Tuesday_tagesschau-8028,90,21,5
16March_2011_Wednesday_tagesschau-2224,70,21,0
13September_2010_Monday_tagesschau-4600,72,21,1
05August_2010_Thursday_tagesschau-4250,79,21,1
15May_2010_Saturday_tagesschau-5652,106,21,5
01September_2010_Wednesday_tagesschau-5045,73,21,3
01June_2011_Wednesday_heute-950,271,41,4
20October_2011_Thursday_tagesschau-512,111,21,7
20November_2011_Sunday_tagesschau-541,74,21,8
31January_2011_Monday_heute-3043,96,21,1
30May_2010_Sunday_tagesschau-4166,160,41,6
09January_2010_Saturday_tagesschau-1930,179,41,7
19February_2011_Saturday_tagesschau-5278,73,21,5
18May_2010_Tuesday_tagesschau-3584,127,21,8
18September_2010_Saturday_tagesschau-4196,201,41,4
24May_2011_Tuesday_heute-6072,231,41,8
10July_2009_Friday_tagesschau-1083,103,21,4
07December_2011_Wednesday_tagesschau-5393,59,13,5
17June_2010_Thursday_tagesschau-3904,148,41,1
18November_2011_Friday_tagesschau-2146,224,41,3
19September_2010_Sunday_tagesschau-3803,120,21,5
28April_2010_Wednesday_heute-5187,137,41,9
24May_2011_Tuesday_heute-6063,66,21,7
03June_2010_Thursday_tagesschau-2635,79,21,4
04January_2010_Monday_tagesschau-8548,117,21,0
23May_2011_Monday_heute-6455,75,21,3
23May_2010_Sunday_tagesschau-4338,162,41,1
11August_2009_Tuesday_tagesschau-4357,83,21,9
06April_2010_Tuesday_heute-5976,190,41,3
11September_2010_Saturday_tagesschau-4998,121,21,0
25February_2011_Friday_tagesschau-572,124,21,3
23August_2010_Monday_heute-5331,64,13,0
13September_2010_Monday_heute-7176,105,21,7
06November_2010_Saturday_tagesschau-1155,68,21,5
29July_2010_Thursday_tagesschau-7413,201,41,0
25February_2010_Thursday_tagesschau-1763,157,41,8
19April_2010_Monday_heute-771,327,41,4
03February_2011_Thursday_heute-604,61,13,7
02October_2012_Tuesday_heute-3500,131,41,6
27July_2010_Tuesday_tagesschau-6053,180,41,0
04July_2009_Saturday_tagesschau-3343,86,21,1
01October_2012_Monday_tagesschau-5369,107,21,7
05July_2010_Monday_heute-8700,85,21,2
23November_2011_Wednesday_tagesschau-985,180,41,8
08July_2010_Thursday_tagesschau-5376,98,21,3
18September_2010_Saturday_tagesschau-4189,54,13,3
18May_2010_Tuesday_tagesschau-3576,92,21,7
09August_2011_Tuesday_tagesschau-2594,38,9,9
05December_2011_Monday_heute-7435,94,21,4
04May_2010_Tuesday_tagesschau-7843,177,41,1
17April_2011_Sunday_tagesschau-2153,210,41,8
05October_2010_Tuesday_tagesschau-4242,98,21,8
10August_2009_Monday_heute-6904,84,21,4
19May_2010_Wednesday_heute-1110,206,41,1
18July_2009_Saturday_tagesschau-1643,178,41,7
14March_2011_Monday_tagesschau-7597,84,21,4
29November_2009_Sunday_tagesschau-7047,63,13,9
24November_2011_Thursday_tagesschau-8339,141,41,2
18February_2010_Thursday_tagesschau-4523,184,41,2
12November_2009_Thursday_tagesschau-6773,171,41,7
14July_2011_Thursday_heute-5866,164,41,2
24February_2011_Thursday_tagesschau-4761,52,13,6
28September_2012_Friday_tagesschau-920,126,21,1
09November_2010_Tuesday_tagesschau-754,148,41,3
22November_2011_Tuesday_heute-4649,174,41,9
22January_2011_Saturday_tagesschau-2077,187,41,7
26July_2010_Monday_tagesschau-6264,84,21,0
10August_2009_Monday_heute-6899,29,9,4
19April_2010_Monday_tagesschau-1379,141,41,1
26September_2010_Sunday_tagesschau-5936,107,21,6
15July_2010_Thursday_tagesschau-4053,105,21,7
08July_2011_Friday_tagesschau-6734,174,41,1
30July_2011_Saturday_tagesschau-8593,80,21,9
14March_2011_Monday_tagesschau-7595,120,21,9
22November_2011_Tuesday_tagesschau-3648,146,41,3
07December_2011_Wednesday_heute-7800,182,41,0
29September_2009_Tuesday_tagesschau-8537,148,41,1
07December_2010_Tuesday_tagesschau-4149,141,41,3
13August_2009_Thursday_tagesschau-8481,81,21,7
03December_2011_Saturday_tagesschau-8677,110,21,3
06July_2009_Monday_tagesschau-2101,226,41,6
27May_2010_Thursday_heute-1227,125,21,4
04July_2011_Monday_heute-6449,220,41,7
22November_2009_Sunday_tagesschau-5479,104,21,0
25November_2011_Friday_tagesschau-4393,154,41,8
14June_2010_Monday_heute-1594,46,13,0
14July_2009_Tuesday_tagesschau-2428,129,41,1
05May_2011_Thursday_tagesschau-35,141,41,6
05August_2010_Thursday_tagesschau-4252,109,21,2
03September_2010_Friday_tagesschau-8427,84,21,5
25August_2010_Wednesday_tagesschau-8517,110,21,2
24March_2011_Thursday_tagesschau-3939,155,41,7
20August_2010_Friday_tagesschau-2727,68,21,4
16December_2009_Wednesday_tagesschau-5915,164,41,6
14July_2010_Wednesday_heute-6189,108,21,9
04March_2011_Friday_tagesschau-2835,115,21,3
25April_2010_Sunday_tagesschau-4947,131,41,3
18November_2009_Wednesday_tagesschau-5593,59,13,4
25August_2009_Tuesday_heute-3320,46,13,3
01July_2010_Thursday_tagesschau-8790,84,21,9
06November_2010_Saturday_tagesschau-1156,85,21,1
13December_2010_Monday_tagesschau-6934,136,41,6
25February_2011_Friday_tagesschau-571,121,21,7
18February_2010_Thursday_tagesschau-4522,136,41,0
03February_2011_Thursday_heute-617,114,21,2
06September_2009_Sunday_tagesschau-5314,53,13,7
15June_2010_Tuesday_tagesschau-80,140,41,4
10January_2010_Sunday_tagesschau-486,235,41,2
14October_2009_Wednesday_tagesschau-519,87,21,4
29June_2010_Tuesday_tagesschau-7699,156,41,6
08December_2009_Tuesday_heute-4210,68,21,5
30January_2010_Saturday_tagesschau-1696,94,21,5
25July_2011_Monday_heute-8229,165,41,3
11January_2011_Tuesday_heute-8167,154,41,7
31August_2010_Tuesday_tagesschau-5168,62,13,2
22September_2010_Wednesday_heute-2621,85,21,7
17February_2010_Wednesday_heute-1484,168,41,2
10August_2011_Wednesday_tagesschau-6298,68,21,3
30May_2011_Monday_heute-3682,87,21,5
05April_2010_Monday_tagesschau-3550,172,41,3
18October_2009_Sunday_tagesschau-6688,118,21,4
12April_2010_Monday_heute-7687,155,41,8
03October_2010_Sunday_tagesschau-5760,106,21,6
02February_2011_Wednesday_tagesschau-7452,53,13,1
26October_2009_Monday_tagesschau-1397,87,21,1
21July_2009_Tuesday_tagesschau-8064,125,21,8
10December_2011_Saturday_tagesschau-5418,143,41,8
26August_2009_Wednesday_heute-6559,113,21,1
13April_2010_Tuesday_tagesschau-2309,159,41,6
28January_2013_Monday_tagesschau-3618,38,9,1
18October_2010_Monday_tagesschau-6741,100,21,2
05July_2010_Monday_tagesschau-1207,177,41,6
19September_2010_Sunday_tagesschau-3800,164,41,0
04October_2010_Monday_heute-5950,152,41,3
17June_2010_Thursday_tagesschau-3902,144,41,2
05December_2011_Monday_tagesschau-4174,53,13,8
11January_2011_Tuesday_tagesschau-8026,53,13,1
28January_2013_Monday_heute-8002,64,13,7
04October_2012_Thursday_tagesschau-4920,168,41,5
14October_2009_Wednesday_tagesschau-521,45,13,5
08February_2010_Monday_heute-1496,76,21,2
19November_2011_Saturday_tagesschau-3687,139,41,1
07November_2010_Sunday_tagesschau-1973,191,41,0
15July_2009_Wednesday_tagesschau-5295,104,21,1
13November_2009_Friday_tagesschau-8614,155,41,1
12May_2010_Wednesday_tagesschau-316,38,9,9
06October_2009_Tuesday_tagesschau-8157,191,41,4
04May_2010_Tuesday_tagesschau-7837,112,21,2
25August_2009_Tuesday_heute-3314,117,21,8
16December_2011_Friday_tagesschau-6535,108,21,9
06October_2011_Thursday_tagesschau-824,135,41,2
22May_2010_Saturday_tagesschau-2730,122,21,5
25October_2010_Monday_tagesschau-23,72,21,9
13December_2009_Sunday_tagesschau-6815,86,21,1
29March_2010_Monday_tagesschau-8396,104,21,0
26February_2011_Saturday_tagesschau-3426,158,41,3
30September_2012_Sunday_tagesschau-4032,90,21,1
07May_2011_Saturday_tagesschau-119,107,21,4
04July_2009_Saturday_tagesschau-3335,186,41,0
26September_2010_Sunday_tagesschau-5938,119,21,8
29September_2010_Wednesday_tagesschau-1785,104,21,6
20May_2010_Thursday_tagesschau-3161,99,21,0
28August_2010_Saturday_tagesschau-8182,97,21,4
06July_2011_Wednesday_tagesschau-6871,205,41,6
10August_2010_Tuesday_tagesschau-3864,101,21,9
07April_2010_Wednesday_tagesschau-6028,149,41,2
26March_2011_Saturday_tagesschau-5727,152,41,2
07October_2010_Thursday_heute-8569,103,21,4
20January_2011_Thursday_tagesschau-3070,72,21,2
01July_2011_Friday_tagesschau-2760,139,41,0
28January_2013_Monday_tagesschau-3627,157,41,0
22February_2010_Monday_tagesschau-3249,161,41,9
04July_2009_Saturday_tagesschau-3339,115,21,1
03February_2011_Thursday_heute-605,132,41,3
21October_2010_Thursday_tagesschau-1817,143,41,9
19February_2011_Saturday_tagesschau-5279,152,41,0
08September_2010_Wednesday_tagesschau-5243,144,41,2
23February_2011_Wednesday_tagesschau-155,94,21,8
29March_2011_Tuesday_tagesschau-8116,113,21,6
19April_2011_Tuesday_heute-5333,55,13,5
06December_2011_Tuesday_heute-1550,192,41,5
12July_2011_Tuesday_heute-1272,50,13,9
12July_2009_Sunday_tagesschau-2570,109,21,5
31May_2011_Tuesday_heute-1901,307,41,9
10April_2011_Sunday_tagesschau-1535,136,41,8
27November_2009_Friday_tagesschau-7336,75,21,8
05October_2010_Tuesday_heute-1214,113,21,9
30October_2009_Friday_tagesschau-2271,73,21,3
01October_2012_Monday_tagesschau-5365,170,41,2
12July_2010_Monday_tagesschau-376,117,21,8
24September_2010_Friday_tagesschau-209,95,21,7
06October_2011_Thursday_tagesschau-820,78,21,2
31July_2010_Saturday_tagesschau-2498,108,21,0
22June_2011_Wednesday_heute-4384,183,41,2
07February_2011_Monday_heute-4662,206,41,5
22September_2010_Wednesday_tagesschau-3264,94,21,2
05December_2011_Monday_tagesschau-4176,39,9,7
04January_2010_Monday_tagesschau-8549,104,21,8
28August_2010_Saturday_tagesschau-8187,126,21,6
01February_2011_Tuesday_tagesschau-4966,120,21,3
24October_2009_Saturday_tagesschau-4282,117,21,4
11April_2010_Sunday_tagesschau-8642,151,41,7
03February_2010_Wednesday_heute-2352,276,41,8
31October_2009_Saturday_tagesschau-7145,96,21,0
09December_2009_Wednesday_heute-4757,41,13,0
05August_2010_Thursday_tagesschau-4249,98,21,7
17May_2010_Monday_tagesschau-8475,111,21,9
03August_2010_Tuesday_heute-7608,55,13,8
22November_2010_Monday_heute-286,38,9,5
19November_2009_Thursday_tagesschau-3792,59,13,8
24May_2010_Monday_tagesschau-3141,106,21,4
02August_2010_Monday_heute-1247,149,41,6
04May_2010_Tuesday_tagesschau-7841,76,21,4
07December_2009_Monday_tagesschau-7104,136,41,4
02June_2010_Wednesday_heute-6788,157,41,1
15May_2010_Saturday_tagesschau-5661,118,21,1
28February_2011_Monday_tagesschau-4983,64,13,7
18July_2009_Saturday_tagesschau-1641,158,41,7
28October_2010_Thursday_heute-327,222,41,4
01June_2011_Wednesday_tagesschau-6950,113,21,9
03June_2011_Friday_tagesschau-7645,91,21,4
04October_2010_Monday_tagesschau-4721,102,21,2
28January_2013_Monday_tagesschau-3625,102,21,6
25May_2010_Tuesday_heute-3763,295,41,8
15July_2010_Thursday_tagesschau-4054,175,41,5
03March_2011_Thursday_tagesschau-7055,172,41,3
05January_2011_Wednesday_tagesschau-2244,85,21,7
07June_2010_Monday_tagesschau-1556,103,21,2
05February_2010_Friday_tagesschau-2913,71,21,6
11December_2009_Friday_tagesschau-3517,145,41,0
08December_2009_Tuesday_tagesschau-1934,244,41,4
25June_2010_Friday_tagesschau-3883,50,13,7
05May_2011_Thursday_tagesschau-27,121,21,7
29January_2011_Saturday_tagesschau-8645,91,21,8
05January_2011_Wednesday_heute-3536,217,41,7
31August_2010_Tuesday_heute-3179,180,41,2
05April_2011_Tuesday_tagesschau-6425,41,13,1
27May_2011_Friday_tagesschau-8127,127,21,7
01October_2012_Monday_heute-449,55,13,3
11August_2010_Wednesday_tagesschau-9,105,21,9
26January_2010_Tuesday_heute-93,184,41,2
06June_2010_Sunday_tagesschau-6358,96,21,5
12January_2010_Tuesday_heute-2550,225,41,1
28July_2010_Wednesday_tagesschau-859,120,21,8
20December_2010_Monday_tagesschau-3198,89,21,2
22October_2009_Thursday_tagesschau-1137,115,21,9
16January_2010_Saturday_tagesschau-8072,114,21,9
05March_2011_Saturday_tagesschau-5444,113,21,4
13April_2011_Wednesday_tagesschau-1679,96,21,4
25May_2010_Tuesday_tagesschau-1287,93,21,1
11February_2011_Friday_tagesschau-7765,53,13,3
12July_2009_Sunday_tagesschau-2575,74,21,3
18January_2010_Monday_heute-3861,76,21,3
01June_2011_Wednesday_heute-947,210,41,8
05January_2011_Wednesday_tagesschau-2253,103,21,5
05April_2010_Monday_tagesschau-3557,157,41,3
03June_2010_Thursday_tagesschau-2634,97,21,0
17February_2011_Thursday_heute-393,132,41,9
15December_2010_Wednesday_heute-6021,149,41,8
04September_2010_Saturday_tagesschau-7315,121,21,0
28December_2011_Wednesday_tagesschau-1915,96,21,4
26April_2010_Monday_tagesschau-7279,93,21,6
21April_2010_Wednesday_heute-3120,99,21,0
26July_2010_Monday_tagesschau-6257,224,41,6
20July_2010_Tuesday_tagesschau-7880,186,41,5
20February_2010_Saturday_tagesschau-7900,107,21,6
25May_2010_Tuesday_heute-3752,69,21,1
23January_2011_Sunday_tagesschau-7824,74,21,9
21July_2010_Wednesday_tagesschau-7376,180,41,8
06September_2009_Sunday_tagesschau-5311,94,21,8
07September_2010_Tuesday_tagesschau-1957,116,21,0
19February_2010_Friday_tagesschau-4090,112,21,2
06August_2010_Friday_tagesschau-2173,192,41,0
07October_2010_Thursday_tagesschau-4120,69,21,9
04July_2011_Monday_tagesschau-694,151,41,9
06February_2010_Saturday_tagesschau-7361,168,41,6
12February_2010_Friday_tagesschau-121,79,21,6
14September_2010_Tuesday_heute-8251,121,21,2
18July_2010_Sunday_tagesschau-6215,99,21,5
28September_2010_Tuesday_heute-8348,73,21,5
13July_2010_Tuesday_heute-4820,56,13,4
10August_2010_Tuesday_heute-1459,49,13,0
19October_2010_Tuesday_tagesschau-8286,90,21,1
29June_2010_Tuesday_tagesschau-7707,174,41,3
01July_2010_Thursday_tagesschau-8791,152,41,6
05November_2010_Friday_tagesschau-1868,151,41,8
12July_2010_Monday_tagesschau-377,129,41,6
22February_2011_Tuesday_tagesschau-8410,84,21,6
20June_2011_Monday_tagesschau-1254,151,41,5
04January_2010_Monday_heute-7407,110,21,3
13April_2011_Wednesday_tagesschau-1678,100,21,3
25June_2010_Friday_tagesschau-3886,172,41,9
25October_2010_Monday_tagesschau-20,104,21,0
25July_2010_Sunday_tagesschau-4780,106,21,9
09November_2010_Tuesday_heute-5834,172,41,6
10November_2010_Wednesday_tagesschau-6808,167,41,9
25July_2010_Sunday_tagesschau-4776,57,13,8
11July_2011_Monday_tagesschau-850,126,21,6
11November_2010_Thursday_tagesschau-3560,109,21,8
20October_2010_Wednesday_heute-8503,141,41,2
06January_2011_Thursday_tagesschau-5639,84,21,8
28April_2010_Wednesday_heute-5198,33,9,3
22October_2010_Friday_tagesschau-2414,125,21,4
04February_2010_Thursday_heute-7972,173,41,3
29January_2013_Tuesday_tagesschau-879,157,41,1
06October_2011_Thursday_heute-5539,91,21,5
29January_2011_Saturday_tagesschau-8648,132,41,6
28March_2011_Monday_tagesschau-2290,80,21,5
07August_2009_Friday_tagesschau-6164,87,21,4
19November_2011_Saturday_tagesschau-3684,127,21,9
03June_2011_Friday_tagesschau-7637,95,21,3
24August_2010_Tuesday_tagesschau-2191,93,21,5
20January_2011_Thursday_tagesschau-3076,131,41,7
10January_2011_Monday_heute-1372,175,41,8
29September_2010_Wednesday_heute-5457,161,41,5
02November_2010_Tuesday_tagesschau-2037,117,21,9
12November_2009_Thursday_tagesschau-6769,141,41,0
24August_2009_Monday_heute-6645,194,41,1
15February_2010_Monday_tagesschau-1844,87,21,6
13April_2010_Tuesday_tagesschau-2307,143,41,6
09November_2010_Tuesday_tagesschau-751,61,13,4
02October_2012_Tuesday_heute-3501,115,21,8
06February_2010_Saturday_tagesschau-7367,95,21,5
29October_2009_Thursday_tagesschau-1012,115,21,0
05July_2010_Monday_tagesschau-1199,178,41,4
25November_2009_Wednesday_tagesschau-7681,69,21,6
17February_2011_Thursday_tagesschau-6311,97,21,0
11May_2011_Wednesday_tagesschau-7014,87,21,0
05October_2010_Tuesday_heute-1220,167,41,6
03April_2010_Saturday_tagesschau-2974,148,41,6
22January_2011_Saturday_tagesschau-2074,129,41,7
06February_2010_Saturday_tagesschau-7360,172,41,6
09February_2011_Wednesday_tagesschau-2504,211,41,7
01June_2011_Wednesday_heute-949,44,13,1
30May_2010_Sunday_tagesschau-4165,158,41,7
27February_2010_Saturday_tagesschau-7776,209,41,9
19May_2010_Wednesday_heute-1124,46,13,4
13July_2010_Tuesday_tagesschau-4304,95,21,7
05August_2010_Thursday_tagesschau-4257,45,13,8
25November_2010_Thursday_tagesschau-2537,73,21,2
18February_2010_Thursday_tagesschau-4526,94,21,6
25July_2010_Sunday_tagesschau-4783,180,41,6
23November_2011_Wednesday_tagesschau-979,98,21,6
09February_2011_Wednesday_heute-7537,130,41,5
15September_2010_Wednesday_tagesschau-5205,169,41,2
21November_2011_Monday_heute-5424,49,13,6
18January_2010_Monday_tagesschau-4021,137,41,8
22January_2010_Friday_tagesschau-911,134,41,2
13April_2010_Tuesday_tagesschau-2313,106,21,7
27November_2009_Friday_tagesschau-7331,53,13,1
22October_2010_Friday_tagesschau-2415,77,21,2
03February_2010_Wednesday_heute-2359,133,41,9
18October_2009_Sunday_tagesschau-6681,135,41,5
30June_2009_Tuesday_tagesschau-2946,141,41,4
28July_2011_Thursday_tagesschau-8522,182,41,8
05August_2010_Thursday_tagesschau-4253,139,41,7
01October_2012_Monday_heute-447,170,41,1
09August_2009_Sunday_tagesschau-1193,49,13,6
24February_2011_Thursday_tagesschau-4769,36,9,7
25June_2010_Friday_tagesschau-3876,95,21,9
18November_2011_Friday_tagesschau-2140,108,21,4
06November_2010_Saturday_tagesschau-1157,44,13,6
15December_2010_Wednesday_heute-6020,185,41,3
10December_2011_Saturday_tagesschau-5413,134,41,9
24November_2011_Thursday_tagesschau-8333,132,41,4
24July_2011_Sunday_tagesschau-6628,112,21,1
05December_2011_Monday_tagesschau-4179,58,13,3
18April_2010_Sunday_tagesschau-6658,87,21,9
24August_2009_Monday_heute-6647,76,21,7
24August_2010_Tuesday_tagesschau-2205,60,13,2
10November_2010_Wednesday_tagesschau-6800,96,21,0
09July_2009_Thursday_tagesschau-7116,85,21,6
06April_2010_Tuesday_tagesschau-304,170,41,2
01April_2011_Friday_tagesschau-3375,199,41,3
29January_2011_Saturday_tagesschau-8644,110,21,3
01October_2010_Friday_tagesschau-2697,82,21,6
08April_2011_Friday_tagesschau-2071,122,21,5
17January_2011_Monday_tagesschau-7002,132,41,7
27June_2011_Monday_heute-2461,74,21,3
21July_2010_Wednesday_tagesschau-7381,137,41,3
18October_2009_Sunday_tagesschau-6692,115,21,6
11August_2010_Wednesday_tagesschau-12,87,21,3
22July_2010_Thursday_heute-8810,239,41,2
11August_2009_Tuesday_tagesschau-4347,83,21,8
02June_2010_Wednesday_heute-6785,217,41,1
18November_2009_Wednesday_tagesschau-5579,149,41,8
21August_2010_Saturday_tagesschau-8824,130,41,2
10February_2010_Wednesday_tagesschau-2522,189,41,9
13September_2010_Monday_heute-7169,124,21,7
06October_2011_Thursday_tagesschau-832,96,21,2
07December_2010_Tuesday_tagesschau-4151,121,21,2
05July_2011_Tuesday_tagesschau-6141,116,21,4
28August_2010_Saturday_tagesschau-8192,39,9,9
21November_2011_Monday_tagesschau-2266,186,41,7
26January_2010_Tuesday_heute-96,184,41,8
17January_2010_Sunday_tagesschau-5551,158,41,1
21January_2011_Friday_tagesschau-4888,224,41,7
06March_2011_Sunday_tagesschau-3898,137,41,3
15April_2010_Thursday_tagesschau-5779,177,41,0
09September_2010_Thursday_tagesschau-4366,188,41,8
24August_2010_Tuesday_heute-3023,60,13,5
14October_2010_Thursday_tagesschau-289,110,21,5
01December_2011_Thursday_heute-3062,136,41,3
04April_2011_Monday_heute-968,124,21,2
13March_2011_Sunday_tagesschau-4454,99,21,7
28December_2011_Wednesday_tagesschau-1914,99,21,1
22November_2009_Sunday_tagesschau-5480,84,21,0
03February_2010_Wednesday_heute-2351,61,13,8
12December_2010_Sunday_tagesschau-5596,200,41,3
20February_2010_Saturday_tagesschau-7896,60,13,7
18December_2010_Saturday_tagesschau-6124,69,21,5
11August_2009_Tuesday_tagesschau-4361,74,21,5
07January_2010_Thursday_tagesschau-2300,171,41,6
05November_2010_Friday_tagesschau-1867,112,21,4
04April_2010_Sunday_tagesschau-4566,130,41,7
22October_2009_Thursday_tagesschau-1140,91,21,2
22June_2011_Wednesday_heute-4380,97,21,9
05March_2011_Saturday_tagesschau-5450,70,21,7
15April_2010_Thursday_tagesschau-5777,168,41,3
29September_2009_Tuesday_tagesschau-8540,68,21,7
15July_2009_Wednesday_tagesschau-5293,160,41,2
27April_2010_Tuesday_tagesschau-4507,43,13,8
06February_2011_Sunday_tagesschau-6909,92,21,5
10February_2010_Wednesday_tagesschau-2513,194,41,9
16January_2010_Saturday_tagesschau-8077,73,21,9
15December_2009_Tuesday_tagesschau-6967,117,21,7
27May_2010_Thursday_heute-1228,32,9,4
16July_2009_Thursday_tagesschau-5057,93,21,0
27April_2010_Tuesday_tagesschau-4506,51,13,7
07November_2010_Sunday_tagesschau-1984,51,13,8
04April_2011_Monday_heute-959,120,21,9
21March_2011_Monday_tagesschau-4416,148,41,7
16July_2011_Saturday_tagesschau-7528,65,13,0
30July_2010_Friday_tagesschau-1511,119,21,0
12July_2010_Monday_tagesschau-375,107,21,8
12January_2011_Wednesday_heute-6390,156,41,6
10December_2009_Thursday_heute-7935,58,13,4
01July_2009_Wednesday_tagesschau-4561,66,21,2
29September_2011_Thursday_heute-4227,145,41,0
14April_2010_Wednesday_tagesschau-3817,106,21,0
29September_2011_Thursday_tagesschau-7230,316,41,4
15June_2010_Tuesday_tagesschau-78,95,21,8
26March_2011_Saturday_tagesschau-5729,96,21,0
29September_2011_Thursday_heute-4228,165,41,4
14July_2010_Wednesday_tagesschau-1851,95,21,3
13April_2010_Tuesday_tagesschau-2306,130,41,2
24November_2011_Thursday_tagesschau-8340,58,13,0
02September_2010_Thursday_heute-3463,77,21,8
19May_2010_Wednesday_heute-1112,34,9,0
23August_2010_Monday_tagesschau-4432,180,41,1
23April_2010_Friday_tagesschau-3671,160,41,3
11May_2010_Tuesday_heute-5989,76,21,7
18May_2010_Tuesday_tagesschau-3585,152,41,5
07August_2009_Friday_tagesschau-6170,31,9,0
14July_2009_Tuesday_tagesschau-2422,108,21,1
19May_2010_Wednesday_heute-1114,85,21,1
30January_2013_Wednesday_tagesschau-471,91,21,3
25April_2010_Sunday_tagesschau-4940,100,21,6
25February_2010_Thursday_tagesschau-1753,58,13,2
16July_2011_Saturday_tagesschau-7527,152,41,5
20November_2009_Friday_tagesschau-6573,113,21,1
03October_2012_Wednesday_tagesschau-7652,125,21,5
01November_2010_Monday_heute-1714,90,21,5
07December_2009_Monday_tagesschau-7098,65,13,5
10August_2009_Monday_heute-6890,71,21,2
28May_2010_Friday_tagesschau-7497,125,21,2
28September_2012_Friday_tagesschau-914,103,21,9
08April_2010_Thursday_heute-4007,266,41,5
20February_2011_Sunday_tagesschau-3170,82,21,0
22July_2009_Wednesday_tagesschau-2877,117,21,1
07August_2009_Friday_tagesschau-6176,99,21,6
24December_2010_Friday_tagesschau-5133,147,41,8
23February_2010_Tuesday_heute-6248,178,41,1
02September_2010_Thursday_heute-3452,81,21,1
30December_2010_Thursday_tagesschau-2226,128,21,6
04December_2010_Saturday_tagesschau-4846,131,41,8
12October_2009_Monday_tagesschau-553,138,41,7
16July_2011_Saturday_tagesschau-7531,212,41,9
07September_2010_Tuesday_tagesschau-1949,108,21,4
23July_2009_Thursday_tagesschau-6765,112,21,6
14June_2010_Monday_heute-1603,245,41,8
01November_2010_Monday_tagesschau-145,70,21,1
11December_2010_Saturday_tagesschau-8664,132,41,8
29September_2012_Saturday_tagesschau-2958,101,21,0
21April_2010_Wednesday_heute-3119,195,41,4
25February_2010_Thursday_tagesschau-1762,115,21,2
05March_2011_Saturday_tagesschau-5449,79,21,4
31August_2010_Tuesday_heute-3171,47,13,0
18January_2010_Monday_heute-3856,126,21,5
27August_2010_Friday_tagesschau-5161,174,41,2
04October_2012_Thursday_tagesschau-4915,87,21,7
25March_2011_Friday_tagesschau-5825,95,21,1
12December_2011_Monday_tagesschau-8270,91,21,1
16January_2010_Saturday_tagesschau-8074,129,41,0
27April_2010_Tuesday_tagesschau-4512,72,21,8
21November_2010_Sunday_tagesschau-5673,129,41,1
29March_2010_Monday_tagesschau-8393,87,21,5
05October_2010_Tuesday_tagesschau-4239,81,21,1
24October_2009_Saturday_tagesschau-4277,98,21,8
31August_2010_Tuesday_heute-3175,43,13,3
28August_2010_Saturday_tagesschau-8184,158,41,1
10January_2010_Sunday_tagesschau-480,83,21,8
30January_2010_Saturday_tagesschau-1699,114,21,1
10March_2011_Thursday_heute-56,82,21,2
26August_2009_Wednesday_tagesschau-3219,79,21,4
24January_2011_Monday_heute-6982,113,21,5
12April_2011_Tuesday_tagesschau-692,64,13,6
19January_2011_Wednesday_tagesschau-7069,148,41,4
20October_2011_Thursday_tagesschau-509,180,41,1
27July_2010_Tuesday_tagesschau-6059,162,41,9
01August_2011_Monday_heute-4853,48,13,1
06December_2009_Sunday_tagesschau-5508,226,41,6
11May_2011_Wednesday_tagesschau-7019,156,41,1
17February_2010_Wednesday_tagesschau-4928,127,21,6
05October_2010_Tuesday_heute-1212,127,21,8
28May_2011_Saturday_tagesschau-2598,118,21,8
19April_2010_Monday_tagesschau-1382,104,21,8
14March_2011_Monday_tagesschau-7598,125,21,6
01November_2010_Monday_tagesschau-146,37,9,0
05December_2011_Monday_heute-7430,134,41,6
11April_2010_Sunday_tagesschau-8640,148,41,6
20June_2011_Monday_heute-6520,108,21,9
06February_2010_Saturday_tagesschau-7357,115,21,6
20November_2011_Sunday_tagesschau-534,57,13,7
16June_2010_Wednesday_tagesschau-8147,87,21,9
30July_2011_Saturday_tagesschau-8600,86,21,7
05October_2010_Tuesday_tagesschau-4246,131,41,5
12January_2010_Tuesday_tagesschau-2390,228,41,3
11July_2011_Monday_tagesschau-856,120,21,6
24November_2011_Thursday_tagesschau-8330,104,21,7
02December_2010_Thursday_heute-8448,223,41,8
26August_2010_Thursday_tagesschau-4273,96,21,7
21May_2010_Friday_tagesschau-5089,144,41,4
07February_2011_Monday_heute-4659,134,41,0
06October_2011_Thursday_tagesschau-818,89,21,5
13January_2010_Wednesday_tagesschau-3824,138,41,7
09February_2011_Wednesday_tagesschau-2511,131,41,5
16February_2010_Tuesday_tagesschau-6099,57,13,9
05February_2011_Saturday_tagesschau-7858,94,21,1
22April_2010_Thursday_tagesschau-3734,146,41,6
11July_2011_Monday_tagesschau-853,120,21,3
02July_2009_Thursday_tagesschau-2862,148,41,7
05April_2011_Tuesday_heute-5118,193,41,2
08November_2010_Monday_heute-6877,93,21,9
06December_2011_Tuesday_tagesschau-6838,76,21,7
06April_2010_Tuesday_heute-5983,154,41,9
30May_2010_Sunday_tagesschau-4164,188,41,7
24November_2011_Thursday_tagesschau-8336,140,41,3
25November_2009_Wednesday_tagesschau-7675,109,21,9
26February_2011_Saturday_tagesschau-3429,101,21,6
06May_2010_Thursday_heute-1045,104,21,6
06October_2010_Wednesday_tagesschau-636,98,21,3
10December_2009_Thursday_heute-7940,117,21,5
20March_2010_Saturday_heute-7291,116,21,9
26January_2013_Saturday_tagesschau-7349,93,21,6
06December_2011_Tuesday_heute-1552,104,21,9
23July_2010_Friday_tagesschau-585,211,41,0
06January_2010_Wednesday_tagesschau-7729,130,41,0
17April_2011_Sunday_tagesschau-2163,76,21,4
10December_2009_Thursday_heute-7932,153,41,4
12July_2011_Tuesday_heute-1284,107,21,0
05October_2011_Wednesday_heute-1071,46,13,2
02November_2010_Tuesday_heute-2751,159,41,2
28May_2011_Saturday_tagesschau-2608,59,13,0
10December_2011_Saturday_tagesschau-5417,49,13,7
13July_2010_Tuesday_heute-4811,138,41,1
18July_2009_Saturday_tagesschau-1637,103,21,9
08December_2009_Tuesday_tagesschau-1939,142,41,0
09February_2011_Wednesday_tagesschau-2507,105,21,8
29December_2011_Thursday_tagesschau-2372,60,13,2
06July_2011_Wednesday_tagesschau-6869,104,21,3
11December_2009_Friday_tagesschau-3507,124,21,2
29December_2011_Thursday_tagesschau-2373,202,41,8
05July_2009_Sunday_tagesschau-4443,108,21,6
21November_2011_Monday_tagesschau-2260,104,21,1
11August_2010_Wednesday_tagesschau-4,126,21,4
17February_2010_Wednesday_heute-1494,54,13,0
16July_2011_Saturday_tagesschau-7525,226,41,5
20September_2010_Monday_heute-2943,50,13,4
20January_2011_Thursday_tagesschau-3081,118,21,0
25October_2010_Monday_heute-2048,181,41,3
24November_2011_Thursday_tagesschau-8332,130,41,7
22November_2011_Tuesday_heute-4644,32,9,5
18July_2010_Sunday_tagesschau-6225,183,41,9
11September_2010_Saturday_tagesschau-4992,94,21,6
29August_2009_Saturday_tagesschau-5031,64,13,4
24January_2010_Sunday_tagesschau-8714,116,21,6
24June_2011_Friday_tagesschau-4067,97,21,2
12January_2010_Tuesday_tagesschau-2382,75,21,7
22February_2010_Monday_tagesschau-3253,169,41,7
31January_2010_Sunday_tagesschau-1324,68,21,5
31January_2011_Monday_tagesschau-675,78,21,9
30January_2010_Saturday_tagesschau-1694,67,21,9
19September_2010_Sunday_tagesschau-3799,91,21,2
08July_2011_Friday_tagesschau-6730,105,21,9
29May_2010_Saturday_tagesschau-8414,153,41,3
01November_2010_Monday_heute-1708,80,21,8
03December_2009_Thursday_tagesschau-7219,117,21,7
06September_2010_Monday_tagesschau-1142,323,41,0
10January_2011_Monday_heute-1371,91,21,1
01May_2010_Saturday_tagesschau-7196,120,21,4
24February_2011_Thursday_tagesschau-4768,127,21,1
31March_2010_Wednesday_tagesschau-1003,160,41,2
16July_2009_Thursday_tagesschau-5054,122,21,3
15February_2010_Monday_tagesschau-1850,93,21,1
12January_2011_Wednesday_tagesschau-1730,137,41,5
18April_2011_Monday_tagesschau-1323,129,41,1
05July_2009_Sunday_tagesschau-4444,73,21,9
20October_2009_Tuesday_tagesschau-3587,136,41,2
25January_2011_Tuesday_tagesschau-2982,90,21,2
15December_2010_Wednesday_heute-6015,189,41,3
10January_2011_Monday_tagesschau-6411,168,41,4
01November_2010_Monday_heute-1715,152,41,7
30November_2009_Monday_tagesschau-5746,79,21,4
20April_2011_Wednesday_tagesschau-3085,125,21,0
07February_2010_Sunday_tagesschau-495,87,21,8
05September_2009_Saturday_tagesschau-4087,114,21,5
18October_2010_Monday_tagesschau-6745,170,41,2
05October_2010_Tuesday_tagesschau-4247,144,41,8
25October_2010_Monday_heute-2051,36,9,8
04October_2010_Monday_tagesschau-4725,103,21,6
10April_2010_Saturday_tagesschau-4143,49,13,2
06February_2011_Sunday_tagesschau-6919,98,21,1
04May_2011_Wednesday_heute-3994,78,21,9
03June_2011_Friday_tagesschau-7638,101,21,7
10December_2011_Saturday_tagesschau-5419,121,21,3
06May_2011_Friday_tagesschau-6437,165,41,3
14December_2010_Tuesday_heute-648,109,21,1
03November_2009_Tuesday_tagesschau-8136,58,13,9
04April_2011_Monday_heute-957,73,21,3
17February_2010_Wednesday_heute-1493,81,21,7
06September_2009_Sunday_tagesschau-5310,120,21,5
03February_2010_Wednesday_heute-2347,51,13,1
29October_2009_Thursday_tagesschau-1019,125,21,7
30September_2009_Wednesday_tagesschau-1769,111,21,7
25August_2009_Tuesday_heute-3312,110,21,0
29March_2010_Monday_tagesschau-8395,180,41,0
13December_2010_Monday_tagesschau-6939,135,41,6
23March_2011_Wednesday_tagesschau-8749,41,13,6
16November_2009_Monday_tagesschau-3100,101,21,2
10January_2011_Monday_tagesschau-6400,106,21,8
20June_2011_Monday_heute-6512,221,41,0
30January_2011_Sunday_tagesschau-6355,70,21,8
25February_2010_Thursday_tagesschau-1764,65,13,1
20July_2010_Tuesday_tagesschau-7879,122,21,7
26January_2010_Tuesday_heute-92,73,21,6
17October_2009_Saturday_tagesschau-2132,86,21,0
05December_2011_Monday_heute-7440,42,13,2
20January_2010_Wednesday_heute-798,67,21,9
19April_2011_Tuesday_heute-5339,125,21,2
18June_2010_Friday_tagesschau-4822,136,41,3
30September_2009_Wednesday_tagesschau-1776,118,21,5
12January_2011_Wednesday_heute-6393,32,9,5
13July_2010_Tuesday_heute-4819,100,21,8
03December_2009_Thursday_tagesschau-7223,134,41,6
02October_2012_Tuesday_tagesschau-2857,76,21,5
10April_2011_Sunday_tagesschau-1533,171,41,9
15February_2011_Tuesday_tagesschau-7480,134,41,6
25January_2010_Monday_heute-1466,136,41,7
19February_2010_Friday_tagesschau-4092,90,21,6
09June_2010_Wednesday_tagesschau-5959,134,41,5
12July_2011_Tuesday_heute-1277,117,21,5
11May_2011_Wednesday_tagesschau-7021,126,21,0
08December_2009_Tuesday_heute-4206,160,41,9
28January_2013_Monday_heute-7997,100,21,9
27November_2009_Friday_tagesschau-7327,92,21,4
30September_2009_Wednesday_tagesschau-1771,143,41,7
07June_2010_Monday_tagesschau-1555,100,21,7
26August_2009_Wednesday_heute-6543,109,21,7
22January_2010_Friday_tagesschau-901,101,21,2
28April_2010_Wednesday_heute-5195,90,21,4
27July_2010_Tuesday_tagesschau-6047,112,21,7
18January_2010_Monday_heute-3852,180,41,3
24January_2011_Monday_tagesschau-3724,117,21,9
04October_2012_Thursday_tagesschau-4926,51,13,4
20November_2010_Saturday_tagesschau-1833,56,13,1
08November_2010_Monday_heute-6883,129,41,7
12December_2009_Saturday_tagesschau-4735,116,21,6
05June_2010_Saturday_tagesschau-3933,58,13,9
07February_2010_Sunday_tagesschau-500,109,21,9
28November_2011_Monday_tagesschau-170,127,21,8
26January_2010_Tuesday_heute-101,158,41,4
21June_2011_Tuesday_tagesschau-1271,78,21,1
03February_2010_Wednesday_tagesschau-2057,132,41,6
26August_2009_Wednesday_tagesschau-3214,104,21,3
21July_2010_Wednesday_tagesschau-7377,63,13,8
24January_2011_Monday_tagesschau-3716,132,41,9
06May_2010_Thursday_heute-1044,93,21,5
13December_2009_Sunday_tagesschau-6814,71,21,5
30March_2011_Wednesday_tagesschau-7128,161,41,4
02February_2011_Wednesday_tagesschau-7454,59,13,5
23July_2011_Saturday_tagesschau-5495,129,41,3
17July_2009_Friday_tagesschau-5116,82,21,3
13August_2011_Saturday_tagesschau-1415,60,13,9
13September_2010_Monday_heute-7183,29,9,9
04October_2010_Monday_tagesschau-4715,91,21,0
02October_2010_Saturday_tagesschau-1311,74,21,3
13August_2009_Thursday_tagesschau-8483,138,41,4
25August_2009_Tuesday_tagesschau-7089,58,13,1
19November_2011_Saturday_tagesschau-3691,85,21,4
02September_2010_Thursday_heute-3451,102,21,8
27January_2013_Sunday_tagesschau-8842,43,13,6
12December_2010_Sunday_tagesschau-5600,124,21,4
23March_2011_Wednesday_tagesschau-8745,99,21,0
03November_2009_Tuesday_tagesschau-8143,66,21,9
25January_2013_Friday_tagesschau-7822,105,21,8
29August_2011_Monday_tagesschau-5713,118,21,7
07February_2011_Monday_tagesschau-1615,92,21,3
29July_2010_Thursday_heute-7743,184,41,2
22August_2010_Sunday_tagesschau-1341,120,21,9
20October_2009_Tuesday_tagesschau-3597,98,21,5
23February_2011_Wednesday_tagesschau-150,44,13,7
25October_2010_Monday_tagesschau-21,69,21,4
09May_2011_Monday_tagesschau-8574,79,21,4
28August_2009_Friday_tagesschau-5870,121,21,2
15July_2010_Thursday_tagesschau-4065,141,41,7
10March_2011_Thursday_tagesschau-5079,54,13,8
02August_2010_Monday_heute-1246,132,41,4
20July_2010_Tuesday_heute-5255,145,41,3
12August_2010_Thursday_tagesschau-4405,34,9,9
25May_2010_Tuesday_heute-3762,207,41,4
14April_2010_Wednesday_heute-1889,255,41,5
03February_2011_Thursday_tagesschau-933,33,9,5
23November_2011_Wednesday_heute-2404,155,41,4
01April_2010_Thursday_tagesschau-4321,68,21,0
23September_2010_Thursday_tagesschau-3440,149,41,9
26August_2009_Wednesday_heute-6552,83,21,6
17January_2011_Monday_tagesschau-7011,92,21,6
23November_2011_Wednesday_heute-2400,125,21,9
13January_2010_Wednesday_tagesschau-3830,191,41,2
29December_2011_Thursday_tagesschau-2377,76,21,5
06October_2011_Thursday_tagesschau-822,140,41,1
14March_2011_Monday_tagesschau-7606,123,21,1
26August_2009_Wednesday_heute-6546,177,41,9
05March_2011_Saturday_tagesschau-5439,122,21,3
28November_2011_Monday_heute-1584,56,13,7
17January_2011_Monday_tagesschau-7007,87,21,8
17April_2011_Sunday_tagesschau-2155,143,41,1
01November_2010_Monday_tagesschau-141,103,21,0
22July_2009_Wednesday_tagesschau-2879,139,41,8
27November_2011_Sunday_tagesschau-5146,186,41,2
21October_2010_Thursday_tagesschau-1818,97,21,1
17February_2011_Thursday_heute-382,44,13,6
26August_2009_Wednesday_heute-6547,35,9,1
06December_2011_Tuesday_tagesschau-6844,55,13,1
11August_2011_Thursday_heute-3184,83,21,6
24October_2010_Sunday_tagesschau-2907,94,21,4
18January_2010_Monday_tagesschau-4015,132,41,3
01June_2010_Tuesday_heute-6617,57,13,8
04December_2009_Friday_tagesschau-840,213,41,7
24January_2011_Monday_tagesschau-3711,108,21,7
08November_2010_Monday_heute-6887,52,13,8
10March_2011_Thursday_heute-59,127,21,5
12September_2009_Saturday_tagesschau-6592,58,13,5
05July_2009_Sunday_tagesschau-4451,58,13,6
07October_2010_Thursday_tagesschau-4123,90,21,5
14May_2010_Friday_tagesschau-4807,137,41,2
27August_2010_Friday_tagesschau-5162,128,21,3
25November_2009_Wednesday_tagesschau-7680,103,21,8
01July_2010_Thursday_tagesschau-8787,112,21,8
28August_2009_Friday_tagesschau-5872,87,21,0
21July_2010_Wednesday_tagesschau-7375,67,21,6
03October_2010_Sunday_tagesschau-5767,108,21,9
08October_2009_Thursday_tagesschau-5346,137,41,2
18October_2010_Monday_heute-628,283,41,8
16November_2009_Monday_tagesschau-3104,109,21,0
04January_2011_Tuesday_tagesschau-1064,107,21,4
30December_2010_Thursday_tagesschau-2227,104,21,7
25October_2010_Monday_heute-2046,62,13,9
29June_2011_Wednesday_tagesschau-4481,188,41,9
29September_2009_Tuesday_tagesschau-8535,141,41,8
18January_2010_Monday_heute-3859,103,21,9
14July_2009_Tuesday_tagesschau-2421,158,41,3
20July_2010_Tuesday_heute-5256,158,41,1
15July_2010_Thursday_tagesschau-4063,125,21,4
02December_2009_Wednesday_tagesschau-4046,157,41,0
19February_2010_Friday_tagesschau-4098,97,21,6
28May_2011_Saturday_tagesschau-2599,105,21,8
27February_2011_Sunday_tagesschau-6107,118,21,3
17September_2010_Friday_tagesschau-3414,138,41,3
02February_2011_Wednesday_tagesschau-7447,40,9,8
02June_2010_Wednesday_tagesschau-7159,178,41,0
15December_2010_Wednesday_tagesschau-39,224,41,6
01August_2011_Monday_heute-4860,53,13,9
22April_2010_Thursday_tagesschau-3727,141,41,8
05October_2011_Wednesday_heute-1076,218,41,6
22November_2009_Sunday_tagesschau-5489,50,13,2
08April_2010_Thursday_heute-4009,175,41,6
22February_2011_Tuesday_tagesschau-8405,101,21,2
15September_2010_Wednesday_heute-2477,202,41,2
11September_2010_Saturday_tagesschau-5001,113,21,1
09August_2011_Tuesday_heute-2640,47,13,6
09August_2010_Monday_tagesschau-2994,89,21,6
27July_2010_Tuesday_heute-5264,230,41,6
15June_2010_Tuesday_tagesschau-82,67,21,2
27August_2009_Thursday_tagesschau-3275,105,21,8
01July_2011_Friday_tagesschau-2767,136,41,6
10August_2009_Monday_heute-6906,139,41,9
17January_2010_Sunday_tagesschau-5558,133,41,1
30May_2011_Monday_heute-3673,317,41,8
18April_2011_Monday_tagesschau-1319,49,13,2
22November_2009_Sunday_tagesschau-5488,139,41,9
07October_2010_Thursday_heute-8564,103,21,7
18May_2010_Tuesday_tagesschau-3573,190,41,3
20August_2010_Friday_tagesschau-2720,39,9,5
14September_2010_Tuesday_heute-8248,98,21,7
04April_2010_Sunday_tagesschau-4569,95,21,9
08February_2010_Monday_tagesschau-2806,173,41,7
21August_2010_Saturday_tagesschau-8814,101,21,9
22February_2010_Monday_tagesschau-3245,74,21,4
06July_2010_Tuesday_tagesschau-2650,126,21,4
23February_2011_Wednesday_heute-3775,329,41,5
24August_2010_Tuesday_heute-3016,159,41,2
29July_2010_Thursday_heute-7744,182,41,4
29December_2011_Thursday_tagesschau-2374,53,13,1
06December_2009_Sunday_tagesschau-5516,93,21,5
23August_2010_Monday_heute-5317,113,21,6
10March_2011_Thursday_heute-52,96,21,0
07October_2012_Sunday_tagesschau-3039,76,21,0
12January_2010_Tuesday_tagesschau-2388,141,41,9
28January_2010_Thursday_tagesschau-2818,186,41,9
06July_2011_Wednesday_tagesschau-6864,190,41,2
15December_2010_Wednesday_tagesschau-45,90,21,5
17February_2010_Wednesday_tagesschau-4934,165,41,2
17June_2010_Thursday_tagesschau-3899,87,21,4
04October_2010_Monday_tagesschau-4716,144,41,2
05July_2011_Tuesday_tagesschau-6138,36,9,9
10August_2010_Tuesday_heute-1451,52,13,3
03August_2010_Tuesday_heute-7611,111,21,4
21October_2009_Wednesday_tagesschau-738,92,21,1
25November_2009_Wednesday_tagesschau-7667,158,41,6
02August_2010_Monday_heute-1240,163,41,6
05January_2010_Tuesday_tagesschau-2665,63,13,2
12December_2010_Sunday_tagesschau-5601,58,13,2
07December_2011_Wednesday_tagesschau-5395,124,21,7
09March_2011_Wednesday_heute-1750,53,13,3
12September_2009_Saturday_tagesschau-6593,29,9,1
23September_2010_Thursday_heute-6477,50,13,2
07August_2009_Friday_tagesschau-6168,150,41,5
26May_2011_Thursday_tagesschau-4796,90,21,0
17February_2010_Wednesday_heute-1492,31,9,9
05July_2011_Tuesday_tagesschau-6137,123,21,6
13July_2010_Tuesday_tagesschau-4308,141,41,7
14August_2009_Friday_tagesschau-69,45,13,2
06May_2011_Friday_tagesschau-6428,85,21,7
17April_2011_Sunday_tagesschau-2156,108,21,7
23February_2010_Tuesday_tagesschau-194,209,41,1
07October_2010_Thursday_heute-8561,138,41,8
05October_2010_Tuesday_heute-1209,66,21,7
15September_2010_Wednesday_tagesschau-5203,106,21,4
02October_2012_Tuesday_tagesschau-2856,72,21,5
18July_2009_Saturday_tagesschau-1642,58,13,2
22July_2010_Thursday_heute-8809,144,41,7
17September_2010_Friday_tagesschau-3417,94,21,4
03July_2010_Saturday_tagesschau-4581,101,21,3
07September_2010_Tuesday_tagesschau-1952,132,41,6
13July_2011_Wednesday_tagesschau-7990,29,9,4
07December_2011_Wednesday_heute-7797,221,41,8
14September_2010_Tuesday_tagesschau-5213,54,13,6
27July_2010_Tuesday_tagesschau-6050,52,13,6
08May_2010_Saturday_tagesschau-184,130,41,4
04January_2011_Tuesday_tagesschau-1065,195,41,7
08February_2010_Monday_heute-1502,157,41,9
11September_2010_Saturday_tagesschau-4990,108,21,0
04October_2010_Monday_heute-5949,150,41,1
28September_2010_Tuesday_heute-8352,198,41,1
08January_2010_Friday_tagesschau-3977,196,41,2
11September_2009_Friday_tagesschau-8785,89,21,3
25February_2010_Thursday_tagesschau-1751,87,21,1
27November_2011_Sunday_tagesschau-5145,89,21,0
07December_2010_Tuesday_tagesschau-4147,148,41,5
15February_2010_Monday_tagesschau-1837,81,21,1
11September_2010_Saturday_tagesschau-4989,95,21,1
22February_2011_Tuesday_tagesschau-8408,151,41,5
22November_2010_Monday_heute-281,38,9,6
16July_2011_Saturday_tagesschau-7520,106,21,5
26November_2011_Saturday_tagesschau-5854,74,21,8
08June_2010_Tuesday_tagesschau-5520,162,41,3
03February_2011_Thursday_tagesschau-934,68,21,8
05April_2010_Monday_tagesschau-3553,36,9,9
19November_2011_Saturday_tagesschau-3694,99,21,1
18July_2010_Sunday_tagesschau-6216,69,21,5
01October_2012_Monday_tagesschau-5364,97,21,7
29August_2009_Saturday_tagesschau-5015,97,21,1
06December_2010_Monday_heute-6205,55,13,4
06May_2010_Thursday_heute-1049,110,21,7
20May_2010_Thursday_tagesschau-3163,132,41,7
02October_2012_Tuesday_heute-3497,117,21,4
27June_2011_Monday_heute-2466,170,41,8
04June_2010_Friday_tagesschau-1172,134,41,6
02June_2010_Wednesday_heute-6797,56,13,9
16September_2010_Thursday_tagesschau-6277,206,41,4
28January_2010_Thursday_heute-2891,137,41,3
29November_2009_Sunday_tagesschau-7050,74,21,9
23July_2009_Thursday_tagesschau-6758,137,41,3
12December_2009_Saturday_tagesschau-4729,126,21,8
