video_name,n_frames,k_frames,prompt_id
03August_2010_Tuesday_tagesschau-2778,136,41,5
18January_2011_Tuesday_heute-5466,256,41,9
09December_2009_Wednesday_heute-4741,57,13,7
06April_2010_Tuesday_tagesschau-312,83,21,1
06December_2011_Tuesday_heute-1546,63,13,4
27June_2011_Monday_heute-2465,76,21,0
01June_2011_Wednesday_heute-945,191,41,8
28November_2011_Monday_tagesschau-160,102,21,5
15April_2010_Thursday_tagesschau-5774,94,21,8
29September_2010_Wednesday_heute-5460,151,41,7
15July_2009_Wednesday_tagesschau-5299,69,21,7
31January_2011_Monday_tagesschau-679,92,21,7
31January_2013_Thursday_tagesschau-2712,125,21,1
21October_2011_Friday_tagesschau-4107,119,21,7
18May_2010_Tuesday_heute-3371,38,9,6
10November_2010_Wednesday_tagesschau-6805,200,41,9
18January_2010_Monday_heute-3846,78,21,4
08February_2010_Monday_heute-1503,57,13,7
12December_2011_Monday_tagesschau-8283,175,41,4
22April_2010_Thursday_tagesschau-3728,40,9,8
27November_2011_Sunday_tagesschau-5150,97,21,2
26October_2010_Tuesday_tagesschau-5792,103,21,7
30April_2010_Friday_tagesschau-2028,141,41,2
14October_2009_Wednesday_tagesschau-525,96,21,0
03July_2009_Friday_tagesschau-2007,170,41,0
31May_2011_Tuesday_tagesschau-4301,87,21,2
29April_2010_Thursday_heute-8617,72,21,0
15July_2011_Friday_tagesschau-8717,107,21,1
22November_2011_Tuesday_heute-4656,153,41,1
01August_2011_Monday_heute-4855,95,21,6
07December_2010_Tuesday_heute-5631,232,41,1
20September_2010_Monday_tagesschau-7036,33,9,0
24January_2011_Monday_tagesschau-3723,84,21,6
10March_2011_Thursday_heute-54,197,41,6
26January_2010_Tuesday_tagesschau-2789,162,41,6
12August_2009_Wednesday_tagesschau-1800,84,21,1
09February_2011_Wednesday_tagesschau-2506,105,21,9
29November_2009_Sunday_tagesschau-7042,110,21,6
14July_2010_Wednesday_tagesschau-1859,80,21,6
21November_2011_Monday_tagesschau-2258,185,41,4
17September_2010_Friday_tagesschau-3422,127,21,8
06October_2010_Wednesday_tagesschau-641,184,41,9
18January_2011_Tuesday_heute-5478,44,13,0
06December_2011_Tuesday_heute-1544,61,13,1
07May_2010_Friday_tagesschau-3607,69,21,3
07August_2009_Friday_tagesschau-6167,39,9,6
15July_2009_Wednesday_tagesschau-5290,208,41,3
04February_2010_Thursday_heute-7975,100,21,4
09June_2010_Wednesday_tagesschau-5964,96,21,6
10March_2011_Thursday_heute-50,218,41,7
22July_2010_Thursday_heute-8806,205,41,4
06August_2010_Friday_tagesschau-2181,135,41,0
27June_2010_Sunday_tagesschau-7387,138,41,8
13December_2010_Monday_tagesschau-6943,170,41,7
30July_2011_Saturday_tagesschau-8596,93,21,1
07April_2010_Wednesday_heute-1620,45,13,6
06December_2009_Sunday_tagesschau-5515,122,21,7
15July_2011_Friday_tagesschau-8721,59,13,0
20July_2010_Tuesday_tagesschau-7881,73,21,1
06October_2011_Thursday_heute-5545,90,21,8
10December_2009_Thursday_tagesschau-7489,131,41,1
03April_2010_Saturday_tagesschau-2970,114,21,8
13July_2010_Tuesday_heute-4814,108,21,3
04February_2010_Thursday_heute-7965,120,21,5
10March_2011_Thursday_tagesschau-5074,85,21,7
13January_2010_Wednesday_tagesschau-3829,119,21,7
25September_2010_Saturday_tagesschau-3484,225,41,4
21October_2011_Friday_tagesschau-4109,80,21,8
27November_2009_Friday_tagesschau-7334,182,41,5
24January_2011_Monday_heute-6972,40,9,5
05October_2010_Tuesday_heute-1213,66,21,5
30August_2011_Tuesday_heute-795,98,21,3
05January_2011_Wednesday_heute-3543,34,9,3
28October_2010_Thursday_tagesschau-5926,134,41,7
24March_2011_Thursday_tagesschau-3943,125,21,7
28January_2010_Thursday_heute-2895,73,21,1
07October_2010_Thursday_tagesschau-4130,144,41,8
15June_2010_Tuesday_tagesschau-81,133,41,4
25July_2011_Monday_heute-8225,131,41,0
14December_2010_Tuesday_tagesschau-8463,98,21,2
11November_2009_Wednesday_tagesschau-8034,143,41,0
28August_2009_Friday_tagesschau-5875,111,21,2
24June_2010_Thursday_tagesschau-7307,89,21,3
26May_2010_Wednesday_tagesschau-6725,77,21,6
25September_2010_Saturday_tagesschau-3485,176,41,0
23February_2011_Wednesday_tagesschau-152,222,41,2
12September_2009_Saturday_tagesschau-6594,150,41,4
06September_2009_Sunday_tagesschau-5312,92,21,1
18February_2010_Thursday_tagesschau-4527,112,21,2
11November_2009_Wednesday_tagesschau-8043,124,21,8
29September_2010_Wednesday_tagesschau-1791,131,41,9
24November_2011_Thursday_tagesschau-8331,133,41,9
16July_2009_Thursday_tagesschau-5051,125,21,1
24January_2011_Monday_heute-6978,86,21,2
24June_2011_Friday_tagesschau-4075,151,41,7
27July_2010_Tuesday_heute-5262,62,13,0
06January_2010_Wednesday_tagesschau-7730,151,41,4
18December_2010_Saturday_tagesschau-6120,96,21,9
14July_2010_Wednesday_tagesschau-1855,54,13,4
24May_2011_Tuesday_heute-6070,108,21,3
09August_2010_Monday_heute-5899,39,9,7
24August_2010_Tuesday_tagesschau-2203,117,21,2
23February_2010_Tuesday_tagesschau-192,106,21,9
09June_2010_Wednesday_tagesschau-5958,116,21,8
03February_2011_Thursday_heute-601,112,21,4
19October_2010_Tuesday_heute-8056,158,41,1
03August_2010_Tuesday_tagesschau-2777,87,21,9
12December_2010_Sunday_tagesschau-5595,111,21,4
20March_2010_Saturday_heute-7290,62,13,9
30May_2011_Monday_heute-3680,90,21,9
05January_2011_Wednesday_heute-3537,190,41,8
12September_2009_Saturday_tagesschau-6602,86,21,3
31March_2010_Wednesday_tagesschau-1009,132,41,5
19October_2010_Tuesday_heute-8051,274,41,7
13September_2010_Monday_tagesschau-4595,57,13,0
21April_2010_Wednesday_heute-3123,118,21,6
30August_2010_Monday_tagesschau-2827,171,41,9
26February_2011_Saturday_tagesschau-3437,58,13,8
19May_2010_Wednesday_heute-1116,206,41,6
25May_2010_Tuesday_tagesschau-1296,90,21,1
07October_2010_Thursday_heute-8573,49,13,5
28October_2009_Wednesday_tagesschau-4545,96,21,2
23February_2010_Tuesday_tagesschau-199,176,41,3
12July_2010_Monday_heute-252,98,21,4
12April_2010_Monday_tagesschau-363,95,21,0
13March_2011_Sunday_tagesschau-4462,118,21,3
24November_2011_Thursday_tagesschau-8338,117,21,0
04March_2011_Friday_tagesschau-2841,141,41,3
05December_2011_Monday_heute-7431,181,41,5
05August_2010_Thursday_tagesschau-4264,108,21,8
09May_2011_Monday_tagesschau-8579,81,21,5
18February_2011_Friday_tagesschau-6830,80,21,7
18November_2009_Wednesday_tagesschau-5591,86,21,1
23September_2009_Wednesday_tagesschau-7579,113,21,3
30March_2010_Tuesday_tagesschau-5700,187,41,1
20October_2010_Wednesday_tagesschau-8209,71,21,8
08June_2010_Tuesday_heute-1986,133,41,7
16April_2010_Friday_tagesschau-6584,79,21,7
22February_2010_Monday_tagesschau-3251,76,21,3
12December_2010_Sunday_tagesschau-5607,99,21,5
24May_2011_Tuesday_tagesschau-4469,149,41,6
05September_2009_Saturday_tagesschau-4089,220,41,6
22August_2010_Sunday_tagesschau-1349,36,9,0
14July_2010_Wednesday_tagesschau-1860,67,21,1
09August_2011_Tuesday_heute-2649,41,13,1
03December_2011_Saturday_tagesschau-8670,113,21,7
22July_2010_Thursday_tagesschau-8204,100,21,6
09December_2009_Wednesday_heute-4751,99,21,8
12September_2009_Saturday_tagesschau-6588,159,41,7
15June_2010_Tuesday_tagesschau-84,155,41,6
14December_2010_Tuesday_tagesschau-8462,146,41,6
10December_2009_Thursday_tagesschau-7485,44,13,2
18April_2010_Sunday_tagesschau-6659,139,41,9
17February_2011_Thursday_heute-389,162,41,3
29August_2009_Saturday_tagesschau-5021,66,21,7
03July_2009_Friday_tagesschau-2000,96,21,6
29December_2011_Thursday_tagesschau-2364,77,21,7
04January_2011_Tuesday_tagesschau-1061,86,21,1
11August_2010_Wednesday_tagesschau-1,86,21,4
23October_2010_Saturday_tagesschau-886,101,21,0
18January_2011_Tuesday_tagesschau-6998,347,41,0
13December_2009_Sunday_tagesschau-6820,121,21,5
02October_2010_Saturday_tagesschau-1299,100,21,2
12July_2010_Monday_heute-251,120,21,2
19February_2010_Friday_tagesschau-4096,73,21,6
12April_2010_Monday_tagesschau-355,57,13,4
19August_2010_Thursday_tagesschau-988,104,21,7
07May_2011_Saturday_tagesschau-118,113,21,2
21August_2011_Sunday_tagesschau-271,81,21,2
02February_2011_Wednesday_tagesschau-7453,86,21,3
14July_2010_Wednesday_heute-6194,69,21,3
11December_2009_Friday_tagesschau-3506,79,21,6
29April_2010_Thursday_heute-8616,194,41,2
26August_2009_Wednesday_tagesschau-3218,90,21,0
19April_2011_Tuesday_heute-5334,48,13,6
11August_2009_Tuesday_tagesschau-4363,109,21,3
05April_2011_Tuesday_heute-5117,43,13,8
29November_2011_Tuesday_tagesschau-5613,103,21,7
23May_2010_Sunday_tagesschau-4339,45,13,8
06February_2010_Saturday_tagesschau-7359,72,21,7
29January_2011_Saturday_tagesschau-8653,156,41,9
14June_2010_Monday_tagesschau-3708,42,13,2
01November_2010_Monday_heute-1717,60,13,7
16April_2010_Friday_tagesschau-6578,200,41,8
06November_2010_Saturday_tagesschau-1164,119,21,5
11July_2011_Monday_tagesschau-855,126,21,3
01December_2011_Thursday_tagesschau-3477,80,21,5
06December_2011_Tuesday_tagesschau-6837,97,21,4
26January_2010_Tuesday_heute-104,231,41,1
11May_2010_Tuesday_tagesschau-1967,90,21,8
18January_2011_Tuesday_heute-5477,130,41,7
04February_2010_Thursday_heute-7964,111,21,3
12April_2011_Tuesday_tagesschau-680,92,21,9
25October_2010_Monday_heute-2044,197,41,9
09February_2011_Wednesday_heute-7534,84,21,5
08May_2010_Saturday_tagesschau-188,57,13,6
19April_2010_Monday_tagesschau-1381,156,41,3
25August_2010_Wednesday_tagesschau-8512,270,41,0
12January_2010_Tuesday_tagesschau-2384,116,21,5
11February_2010_Thursday_tagesschau-8764,57,13,5
08December_2009_Tuesday_heute-4219,59,13,7
21July_2009_Tuesday_tagesschau-8067,188,41,5
05December_2011_Monday_tagesschau-4180,98,21,9
28January_2010_Thursday_heute-2896,94,21,9
13July_2011_Wednesday_tagesschau-7991,97,21,0
12July_2010_Monday_heute-250,181,41,7
22March_2011_Tuesday_tagesschau-4958,93,21,0
09July_2011_Saturday_tagesschau-3292,220,41,3
15September_2010_Wednesday_heute-2480,126,21,9
24October_2010_Sunday_tagesschau-2904,215,41,3
24June_2010_Thursday_tagesschau-7305,115,21,6
29April_2010_Thursday_tagesschau-4879,191,41,5
03February_2011_Thursday_heute-615,79,21,8
19November_2009_Thursday_tagesschau-3793,127,21,4
20March_2010_Saturday_heute-7293,191,41,5
28September_2010_Tuesday_tagesschau-344,95,21,1
07December_2011_Wednesday_heute-7805,123,21,6
12July_2010_Monday_heute-246,235,41,7
15September_2010_Wednesday_heute-2486,49,13,6
08February_2010_Monday_heute-1509,159,41,5
01April_2010_Thursday_tagesschau-4322,85,21,0
02October_2009_Friday_tagesschau-1364,40,9,4
14June_2010_Monday_tagesschau-3703,72,21,1
06January_2010_Wednesday_heute-3519,79,21,8
16April_2010_Friday_tagesschau-6576,70,21,3
28May_2010_Friday_tagesschau-7505,97,21,8
01October_2012_Monday_heute-448,154,41,3
11August_2011_Thursday_heute-3188,91,21,5
06September_2010_Monday_tagesschau-1145,92,21,5
29June_2010_Tuesday_tagesschau-7706,149,41,3
12August_2009_Wednesday_tagesschau-1808,139,41,3
25January_2010_Monday_heute-1460,37,9,6
05August_2010_Thursday_tagesschau-4259,98,21,6
26May_2010_Wednesday_heute-7865,199,41,1
06December_2010_Monday_heute-6202,170,41,9
06July_2011_Wednesday_tagesschau-6868,154,41,8
22July_2010_Thursday_heute-8804,214,41,8
12February_2010_Friday_tagesschau-129,205,41,8
06October_2011_Thursday_tagesschau-827,96,21,3
25January_2010_Monday_heute-1472,52,13,3
23November_2011_Wednesday_tagesschau-975,131,41,3
11August_2009_Tuesday_tagesschau-4349,96,21,0
06January_2011_Thursday_tagesschau-5651,108,21,9
13November_2009_Friday_tagesschau-8601,107,21,9
08May_2010_Saturday_tagesschau-180,29,9,2
09April_2010_Friday_tagesschau-7631,132,41,2
19January_2011_Wednesday_heute-2679,62,13,2
13October_2009_Tuesday_tagesschau-1654,78,21,5
09February_2011_Wednesday_tagesschau-2508,71,21,2
21October_2009_Wednesday_tagesschau-743,99,21,9
27January_2013_Sunday_tagesschau-8838,63,13,2
17February_2011_Thursday_tagesschau-6315,107,21,1
26March_2011_Saturday_tagesschau-5720,149,41,2
22July_2010_Thursday_heute-8807,245,41,8
04March_2011_Friday_tagesschau-2839,67,21,7
28May_2011_Saturday_tagesschau-2597,137,41,5
23September_2010_Thursday_tagesschau-3443,178,41,9
14July_2009_Tuesday_tagesschau-2423,151,41,1
10January_2011_Monday_heute-1368,126,21,3
26February_2011_Saturday_tagesschau-3433,110,21,1
01April_2011_Friday_tagesschau-3386,84,21,6
21July_2010_Wednesday_tagesschau-7370,108,21,2
05July_2009_Sunday_tagesschau-4453,139,41,3
01September_2010_Wednesday_tagesschau-5034,156,41,8
24January_2013_Thursday_heute-7264,197,41,4
02October_2010_Saturday_tagesschau-1301,108,21,1
13October_2009_Tuesday_tagesschau-1650,129,41,2
20October_2010_Wednesday_heute-8499,136,41,5
24July_2010_Saturday_tagesschau-6342,153,41,1
08November_2010_Monday_heute-6886,116,21,2
29September_2012_Saturday_tagesschau-2969,115,21,5
10January_2011_Monday_tagesschau-6407,89,21,0
01July_2011_Friday_tagesschau-2770,93,21,6
06July_2011_Wednesday_tagesschau-6863,167,41,1
20June_2011_Monday_heute-6515,136,41,8
30March_2010_Tuesday_heute-7576,112,21,7
03December_2009_Thursday_tagesschau-7211,108,21,3
29January_2013_Tuesday_tagesschau-877,153,41,3
02June_2010_Wednesday_heute-6793,232,41,2
23July_2011_Saturday_tagesschau-5497,154,41,9
02February_2011_Wednesday_tagesschau-7445,129,41,8
30September_2009_Wednesday_tagesschau-1773,99,21,0
11May_2010_Tuesday_heute-5995,204,41,2
24October_2010_Sunday_tagesschau-2905,125,21,5
20January_2010_Wednesday_heute-805,232,41,1
23May_2011_Monday_tagesschau-1105,172,41,8
17February_2010_Wednesday_heute-1479,154,41,1
26May_2010_Wednesday_tagesschau-6718,185,41,8
29October_2009_Thursday_tagesschau-1015,140,41,7
28October_2010_Thursday_tagesschau-5922,171,41,0
21November_2009_Saturday_tagesschau-4904,116,21,8
20October_2010_Wednesday_heute-8497,224,41,4
05January_2011_Wednesday_heute-3544,187,41,1
27June_2010_Sunday_tagesschau-7394,129,41,7
28May_2010_Friday_tagesschau-7500,161,41,5
29September_2010_Wednesday_tagesschau-1792,117,21,4
19May_2010_Wednesday_heute-1121,62,13,8
13July_2011_Wednesday_tagesschau-7984,71,21,8
01October_2012_Monday_tagesschau-5367,131,41,2
23September_2010_Thursday_heute-6480,99,21,1
23November_2011_Wednesday_heute-2392,47,13,7
04March_2011_Friday_tagesschau-2845,83,21,6
17September_2010_Friday_tagesschau-3420,108,21,1
23February_2011_Wednesday_heute-3771,92,21,4
08December_2009_Tuesday_heute-4205,135,41,7
02September_2010_Thursday_heute-3453,117,21,6
27August_2009_Thursday_tagesschau-3283,38,9,5
22September_2010_Wednesday_tagesschau-3256,106,21,9
09April_2010_Friday_tagesschau-7634,104,21,9
28November_2010_Sunday_tagesschau-2445,183,41,1
03February_2010_Wednesday_tagesschau-2059,87,21,7
12July_2010_Monday_tagesschau-380,70,21,5
20July_2010_Tuesday_heute-5257,224,41,7
06October_2012_Saturday_tagesschau-8741,162,41,7
18October_2010_Monday_tagesschau-6738,97,21,4
24April_2010_Saturday_tagesschau-3964,84,21,4
25October_2010_Monday_heute-2042,166,41,6
30September_2012_Sunday_tagesschau-4034,111,21,0
26May_2010_Wednesday_heute-7872,68,21,3
11September_2010_Saturday_tagesschau-5000,59,13,2
07June_2010_Monday_heute-2320,99,21,1
09July_2009_Thursday_tagesschau-7115,76,21,1
07June_2010_Monday_heute-2325,62,13,5
18January_2011_Tuesday_heute-5464,137,41,2
14August_2009_Friday_tagesschau-65,154,41,6
28January_2010_Thursday_heute-2890,91,21,8
02November_2010_Tuesday_tagesschau-2034,134,41,5
01April_2010_Thursday_heute-6708,157,41,1
21August_2011_Sunday_tagesschau-266,88,21,6
14October_2009_Wednesday_tagesschau-527,107,21,5
03October_2012_Wednesday_tagesschau-7662,172,41,8
01April_2011_Friday_tagesschau-3383,106,21,4
18April_2011_Monday_tagesschau-1317,213,41,6
25January_2010_Monday_tagesschau-8301,35,9,5
30August_2011_Tuesday_heute-792,142,41,4
20October_2010_Wednesday_tagesschau-8215,169,41,3
17July_2009_Friday_tagesschau-5113,83,21,7
21March_2011_Monday_tagesschau-4422,125,21,5
13July_2011_Wednesday_tagesschau-7977,98,21,8
27October_2009_Tuesday_tagesschau-6152,159,41,6
20November_2011_Sunday_tagesschau-537,99,21,8
14October_2009_Wednesday_tagesschau-518,107,21,8
28September_2010_Tuesday_heute-8356,130,41,2
14July_2010_Wednesday_tagesschau-1863,74,21,9
14August_2011_Sunday_tagesschau-3238,118,21,0
10December_2009_Thursday_tagesschau-7488,202,41,4
11May_2010_Tuesday_heute-5993,222,41,7
21March_2011_Monday_tagesschau-4421,106,21,0
02June_2010_Wednesday_tagesschau-7162,172,41,6
15September_2010_Wednesday_heute-2482,115,21,9
13August_2009_Thursday_tagesschau-8482,206,41,1
30December_2010_Thursday_tagesschau-2238,126,21,6
24January_2011_Monday_heute-6974,168,41,3
27October_2010_Wednesday_tagesschau-7462,120,21,7
24September_2010_Friday_tagesschau-215,68,21,1
13December_2009_Sunday_tagesschau-6819,124,21,2
29July_2010_Thursday_heute-7750,55,13,6
28January_2013_Monday_tagesschau-3620,175,41,7
07April_2010_Wednesday_tagesschau-6026,83,21,7
16July_2009_Thursday_tagesschau-5048,87,21,2
27November_2011_Sunday_tagesschau-5142,171,41,6
09June_2010_Wednesday_heute-8261,132,41,9
18June_2010_Friday_tagesschau-4825,173,41,3
05September_2010_Sunday_tagesschau-3127,73,21,1
12January_2011_Wednesday_heute-6398,115,21,5
20September_2010_Monday_tagesschau-7032,164,41,3
07May_2011_Saturday_tagesschau-114,127,21,0
19April_2011_Tuesday_heute-5340,184,41,1
03October_2010_Sunday_tagesschau-5766,125,21,4
07May_2010_Friday_tagesschau-3604,159,41,6
28January_2013_Monday_heute-8001,219,41,7
04February_2010_Thursday_heute-7969,138,41,2
29August_2009_Saturday_tagesschau-5030,35,9,9
09February_2011_Wednesday_tagesschau-2501,167,41,5
23February_2011_Wednesday_tagesschau-156,160,41,7
16May_2010_Sunday_tagesschau-5225,130,41,5
10January_2011_Monday_tagesschau-6410,76,21,7
30April_2010_Friday_tagesschau-2027,103,21,9
31May_2011_Tuesday_heute-1897,118,21,1
23May_2011_Monday_tagesschau-1107,69,21,4
17February_2010_Wednesday_tagesschau-4932,144,41,6
12November_2009_Thursday_tagesschau-6767,133,41,2
11November_2009_Wednesday_tagesschau-8045,80,21,6
21April_2010_Wednesday_heute-3115,162,41,8
14April_2010_Wednesday_tagesschau-3811,51,13,7
03April_2010_Saturday_tagesschau-2973,129,41,6
01December_2011_Thursday_heute-3055,171,41,4
03November_2009_Tuesday_tagesschau-8141,216,41,2
15February_2011_Tuesday_heute-7906,194,41,5
12August_2009_Wednesday_tagesschau-1796,116,21,8
23August_2010_Monday_heute-5330,74,21,9
10February_2010_Wednesday_tagesschau-2519,182,41,8
29August_2009_Saturday_tagesschau-5024,51,13,4
05December_2011_Monday_tagesschau-4175,129,41,6
23January_2013_Wednesday_tagesschau-433,59,13,1
03July_2010_Saturday_tagesschau-4582,60,13,4
12February_2010_Friday_tagesschau-123,108,21,8
18April_2010_Sunday_tagesschau-6654,84,21,4
28January_2010_Thursday_tagesschau-2812,171,41,9
20November_2010_Saturday_tagesschau-1828,168,41,1
05January_2011_Wednesday_tagesschau-2248,105,21,0
03July_2010_Saturday_tagesschau-4586,78,21,7
19March_2011_Saturday_tagesschau-4689,138,41,0
25May_2010_Tuesday_tagesschau-1292,198,41,3
23February_2010_Tuesday_tagesschau-202,88,21,6
25September_2010_Saturday_tagesschau-3481,87,21,0
12December_2011_Monday_heute-5815,106,21,8
12March_2011_Saturday_tagesschau-2447,94,21,6
26January_2013_Saturday_tagesschau-7348,74,21,4
06October_2009_Tuesday_tagesschau-8156,182,41,6
14May_2010_Friday_tagesschau-4806,100,21,0
18July_2009_Saturday_tagesschau-1635,207,41,5
01June_2011_Wednesday_heute-946,149,41,2
08November_2010_Monday_heute-6885,125,21,5
05December_2011_Monday_heute-7427,226,41,2
05December_2011_Monday_tagesschau-4172,74,21,5
13December_2010_Monday_tagesschau-6937,157,41,2
24January_2011_Monday_tagesschau-3725,83,21,9
17January_2011_Monday_tagesschau-7000,186,41,7
07April_2011_Thursday_tagesschau-8100,144,41,3
11September_2009_Friday_tagesschau-8783,146,41,9
22November_2011_Tuesday_tagesschau-3649,122,21,2
28September_2010_Tuesday_tagesschau-347,119,21,5
06October_2011_Thursday_heute-5547,80,21,8
12January_2011_Wednesday_heute-6385,266,41,4
11May_2010_Tuesday_heute-5986,169,41,8
09August_2009_Sunday_tagesschau-1189,77,21,4
12May_2010_Wednesday_tagesschau-314,89,21,8
25January_2010_Monday_heute-1468,142,41,8
21August_2011_Sunday_tagesschau-268,125,21,8
29December_2011_Thursday_tagesschau-2368,138,41,5
27July_2010_Tuesday_heute-5269,99,21,2
17February_2010_Wednesday_heute-1480,52,13,5
14April_2010_Wednesday_tagesschau-3813,56,13,0
21November_2009_Saturday_tagesschau-4910,123,21,1
18January_2010_Monday_heute-3853,87,21,2
07October_2010_Thursday_tagesschau-4125,99,21,0
19April_2010_Monday_tagesschau-1388,124,21,0
04January_2011_Tuesday_tagesschau-1057,99,21,8
03November_2009_Tuesday_tagesschau-8145,92,21,2
10August_2010_Tuesday_tagesschau-3874,146,41,1
17June_2010_Thursday_tagesschau-3905,215,41,1
21November_2011_Monday_heute-5431,131,41,0
23July_2010_Friday_tagesschau-586,66,21,3
28April_2010_Wednesday_heute-5185,231,41,1
01June_2011_Wednesday_tagesschau-6956,143,41,5
26January_2013_Saturday_tagesschau-7344,134,41,8
24August_2010_Tuesday_tagesschau-2193,49,13,7
02December_2010_Thursday_tagesschau-3633,88,21,1
19October_2009_Monday_tagesschau-239,176,41,5
27May_2011_Friday_tagesschau-8130,45,13,3
06April_2010_Tuesday_tagesschau-303,138,41,2
09August_2009_Sunday_tagesschau-1194,79,21,9
07April_2010_Wednesday_tagesschau-6034,138,41,5
27August_2009_Thursday_tagesschau-3271,81,21,9
13July_2009_Monday_tagesschau-7515,101,21,6
18July_2010_Sunday_tagesschau-6218,92,21,4
30January_2011_Sunday_tagesschau-6350,58,13,3
30July_2011_Saturday_tagesschau-8592,70,21,6
07January_2010_Thursday_tagesschau-2303,90,21,8
24May_2011_Tuesday_tagesschau-4467,86,21,3
07December_2011_Wednesday_tagesschau-5396,56,13,9
09August_2010_Monday_heute-5896,93,21,3
06October_2012_Saturday_tagesschau-8739,108,21,5
13April_2011_Wednesday_tagesschau-1680,110,21,1
13August_2011_Saturday_tagesschau-1411,101,21,5
09August_2011_Tuesday_tagesschau-2591,112,21,3
15May_2010_Saturday_tagesschau-5657,151,41,4
01December_2011_Thursday_heute-3057,191,41,5
24August_2010_Tuesday_heute-3019,163,41,3
19January_2011_Wednesday_heute-2683,124,21,8
29September_2010_Wednesday_tagesschau-1788,171,41,4
03June_2011_Friday_tagesschau-7641,167,41,6
04January_2011_Tuesday_tagesschau-1063,126,21,9
24February_2011_Thursday_heute-6675,35,9,8
12October_2009_Monday_tagesschau-554,43,13,3
28November_2010_Sunday_tagesschau-2446,214,41,4
06January_2010_Wednesday_tagesschau-7731,75,21,9
27October_2010_Wednesday_tagesschau-7459,120,21,9
27April_2010_Tuesday_heute-1035,127,21,9
27October_2009_Tuesday_tagesschau-6158,56,13,2
10August_2010_Tuesday_heute-1456,101,21,7
06September_2009_Sunday_tagesschau-5302,136,41,7
05May_2011_Thursday_heute-3746,193,41,2
24December_2010_Friday_tagesschau-5126,103,21,3
06April_2010_Tuesday_heute-5977,45,13,9
24June_2010_Thursday_tagesschau-7312,56,13,2
07April_2010_Wednesday_heute-1621,296,41,7
05January_2011_Wednesday_heute-3535,231,41,5
04April_2011_Monday_heute-961,121,21,6
27July_2010_Tuesday_heute-5263,95,21,4
27September_2009_Sunday_tagesschau-2171,140,41,9
28September_2010_Tuesday_tagesschau-352,61,13,4
09March_2011_Wednesday_heute-1738,46,13,5
10May_2010_Monday_tagesschau-6851,79,21,2
05September_2009_Saturday_tagesschau-4081,140,41,1
17February_2011_Thursday_tagesschau-6306,110,21,7
23May_2010_Sunday_tagesschau-4340,110,21,4
13November_2009_Friday_tagesschau-8613,93,21,8
02July_2009_Thursday_tagesschau-2865,141,41,9
22December_2010_Wednesday_tagesschau-5073,90,21,5
23November_2011_Wednesday_heute-2393,66,21,6
07April_2010_Wednesday_heute-1625,106,21,7
25May_2010_Tuesday_heute-3756,122,21,5
28July_2011_Thursday_tagesschau-8526,131,41,1
08September_2010_Wednesday_tagesschau-5235,110,21,8
14July_2010_Wednesday_heute-6192,128,21,0
19April_2010_Monday_tagesschau-1378,93,21,9
14October_2010_Thursday_tagesschau-295,144,41,9
03June_2011_Friday_tagesschau-7647,102,21,7
27May_2011_Friday_tagesschau-8125,142,41,2
07October_2010_Thursday_heute-8566,151,41,6
20October_2009_Tuesday_tagesschau-3600,81,21,6
11August_2011_Thursday_heute-3183,41,13,2
09December_2009_Wednesday_heute-4754,71,21,3
27July_2010_Tuesday_heute-5273,45,13,5
31July_2010_Saturday_tagesschau-2496,163,41,2
26January_2010_Tuesday_heute-99,123,21,3
28October_2010_Thursday_heute-332,128,21,2
25November_2010_Thursday_tagesschau-2534,86,21,1
21August_2011_Sunday_tagesschau-274,29,9,0
23August_2010_Monday_heute-5323,135,41,9
30July_2011_Saturday_tagesschau-8597,119,21,2
18February_2010_Thursday_tagesschau-4521,127,21,7
02February_2011_Wednesday_tagesschau-7446,88,21,3
30September_2009_Wednesday_tagesschau-1774,42,13,5
20July_2010_Tuesday_tagesschau-7882,73,21,7
28October_2010_Thursday_heute-339,43,13,0
28March_2011_Monday_tagesschau-2283,140,41,0
04July_2010_Sunday_tagesschau-7208,124,21,1
29November_2009_Sunday_tagesschau-7049,141,41,6
18July_2009_Saturday_tagesschau-1633,86,21,3
24October_2009_Saturday_tagesschau-4290,133,41,7
28July_2011_Thursday_tagesschau-8527,103,21,5
25August_2009_Tuesday_tagesschau-7081,83,21,5
23September_2010_Thursday_tagesschau-3441,166,41,5
05December_2011_Monday_tagesschau-4181,157,41,6
11August_2009_Tuesday_tagesschau-4358,128,21,5
04April_2011_Monday_heute-964,77,21,7
07May_2010_Friday_tagesschau-3608,103,21,4
05December_2011_Monday_heute-7438,87,21,9
04July_2009_Saturday_tagesschau-3337,138,41,4
25July_2010_Sunday_tagesschau-4773,105,21,6
03November_2010_Wednesday_tagesschau-6509,136,41,6
06August_2010_Friday_tagesschau-2183,103,21,4
08June_2010_Tuesday_heute-1987,156,41,1
29April_2010_Thursday_tagesschau-4886,43,13,2
07May_2011_Saturday_tagesschau-110,200,41,7
20January_2011_Thursday_tagesschau-3074,31,9,2
09December_2010_Thursday_heute-7548,73,21,4
23January_2013_Wednesday_tagesschau-427,197,41,8
04July_2011_Monday_heute-6453,31,9,6
28March_2011_Monday_tagesschau-2289,105,21,5
14July_2010_Wednesday_tagesschau-1854,65,13,6
29May_2010_Saturday_tagesschau-8413,133,41,8
20November_2010_Saturday_tagesschau-1827,68,21,5
10March_2011_Thursday_tagesschau-5077,71,21,6
04April_2010_Sunday_tagesschau-4572,116,21,3
23December_2010_Thursday_tagesschau-1438,114,21,7
22April_2010_Thursday_heute-2121,124,21,0
04July_2011_Monday_heute-6452,52,13,9
17May_2010_Monday_tagesschau-8476,117,21,2
25August_2009_Tuesday_tagesschau-7087,66,21,0
18October_2010_Monday_tagesschau-6743,151,41,1
26January_2010_Tuesday_heute-91,80,21,8
01October_2009_Thursday_tagesschau-422,87,21,2
04January_2010_Monday_tagesschau-8545,157,41,4
18February_2011_Friday_tagesschau-6827,155,41,5
02December_2010_Thursday_heute-8450,279,41,2
09August_2010_Monday_heute-5897,42,13,6
15September_2010_Wednesday_heute-2483,163,41,3
02August_2010_Monday_heute-1242,147,41,6
01April_2011_Friday_tagesschau-3381,101,21,7
11January_2011_Tuesday_tagesschau-8031,97,21,5
22January_2011_Saturday_tagesschau-2078,119,21,8
06October_2011_Thursday_heute-5541,124,21,5
27May_2010_Thursday_heute-1234,310,41,9
13September_2010_Monday_heute-7166,49,13,6
08April_2010_Thursday_heute-4010,83,21,7
25November_2010_Thursday_tagesschau-2538,79,21,8
02October_2012_Tuesday_tagesschau-2853,120,21,1
20January_2011_Thursday_tagesschau-3077,108,21,5
19October_2010_Tuesday_heute-8053,85,21,3
12January_2010_Tuesday_tagesschau-2381,89,21,4
29September_2010_Wednesday_heute-5462,35,9,8
08February_2010_Monday_tagesschau-2801,84,21,9
01November_2010_Monday_tagesschau-132,95,21,9
10February_2010_Wednesday_tagesschau-2512,112,21,3
15April_2010_Thursday_tagesschau-5782,140,41,7
02February_2011_Wednesday_tagesschau-7443,126,21,1
11May_2010_Tuesday_heute-5987,252,41,5
10August_2009_Monday_heute-6895,38,9,6
05July_2010_Monday_heute-8697,235,41,7
21June_2011_Tuesday_tagesschau-1262,259,41,5
16July_2009_Thursday_tagesschau-5053,118,21,0
26May_2010_Wednesday_tagesschau-6723,115,21,2
02February_2010_Tuesday_tagesschau-7949,106,21,3
07February_2010_Sunday_tagesschau-496,77,21,6
29March_2010_Monday_tagesschau-8386,74,21,2
05September_2010_Sunday_tagesschau-3133,123,21,0
26October_2010_Tuesday_tagesschau-5786,49,13,0
30May_2011_Monday_heute-3676,96,21,6
19April_2010_Monday_heute-777,105,21,9
13July_2011_Wednesday_tagesschau-7980,99,21,8
05June_2010_Saturday_tagesschau-3923,210,41,0
29May_2010_Saturday_tagesschau-8416,161,41,7
03March_2011_Thursday_tagesschau-7062,169,41,9
09August_2009_Sunday_tagesschau-1178,107,21,9
15June_2010_Tuesday_tagesschau-85,139,41,7
26January_2013_Saturday_tagesschau-7345,137,41,3
23December_2010_Thursday_tagesschau-1431,268,41,8
05December_2011_Monday_tagesschau-4178,104,21,3
01May_2010_Saturday_tagesschau-7192,67,21,8
08July_2011_Friday_tagesschau-6732,184,41,7
24March_2011_Thursday_tagesschau-3942,94,21,1
24December_2010_Friday_tagesschau-5136,174,41,3
08July_2011_Friday_tagesschau-6731,108,21,4
20October_2009_Tuesday_tagesschau-3593,56,13,9
29January_2010_Friday_tagesschau-6492,62,13,9
27September_2009_Sunday_tagesschau-2167,151,41,3
12December_2009_Saturday_tagesschau-4737,131,41,9
21November_2011_Monday_heute-5426,124,21,2
18January_2011_Tuesday_heute-5471,102,21,0
21April_2010_Wednesday_heute-3118,191,41,8
30April_2010_Friday_tagesschau-2016,79,21,2
12August_2009_Wednesday_tagesschau-1802,179,41,5
05July_2009_Sunday_tagesschau-4452,94,21,9
14August_2011_Sunday_tagesschau-3240,127,21,4
11October_2010_Monday_tagesschau-4611,132,41,8
27February_2011_Sunday_tagesschau-6109,64,13,5
09December_2009_Wednesday_heute-4747,157,41,0
29January_2010_Friday_tagesschau-6495,105,21,6
27November_2011_Sunday_tagesschau-5148,57,13,9
19April_2010_Monday_tagesschau-1383,102,21,1
23November_2011_Wednesday_heute-2403,41,13,1
29June_2011_Wednesday_tagesschau-4480,95,21,4
20October_2011_Thursday_tagesschau-503,106,21,2
27February_2010_Saturday_tagesschau-7778,128,21,9
30June_2009_Tuesday_tagesschau-2948,278,41,5
13February_2010_Saturday_tagesschau-6042,110,21,2
28January_2010_Thursday_heute-2889,137,41,6
03February_2010_Wednesday_heute-2350,109,21,7
07September_2010_Tuesday_tagesschau-1947,108,21,0
23September_2010_Thursday_heute-6481,68,21,7
22May_2010_Saturday_tagesschau-2740,42,13,7
14December_2009_Monday_tagesschau-2091,62,13,0
01July_2009_Wednesday_tagesschau-4560,169,41,4
22August_2010_Sunday_tagesschau-1340,90,21,3
14June_2010_Monday_heute-1607,32,9,6
01June_2010_Tuesday_heute-6607,123,21,6
06March_2011_Sunday_tagesschau-3888,98,21,0
11November_2010_Thursday_tagesschau-3570,154,41,2
12November_2009_Thursday_tagesschau-6777,75,21,1
24August_2010_Tuesday_heute-3020,92,21,4
07May_2011_Saturday_tagesschau-117,160,41,3
30December_2010_Thursday_tagesschau-2239,73,21,5
05December_2009_Saturday_tagesschau-4700,152,41,3
28January_2013_Monday_tagesschau-3623,75,21,9
14July_2009_Tuesday_tagesschau-2431,121,21,6
30May_2010_Sunday_tagesschau-4163,190,41,8
06September_2010_Monday_tagesschau-1148,143,41,1
11November_2010_Thursday_tagesschau-3561,67,21,4
19October_2010_Tuesday_tagesschau-8284,84,21,7
04May_2010_Tuesday_tagesschau-7840,188,41,9
24August_2009_Monday_heute-6635,77,21,7
02June_2010_Wednesday_tagesschau-7157,59,13,7
24August_2010_Tuesday_heute-3012,46,13,5
06January_2011_Thursday_tagesschau-5646,191,41,5
04January_2010_Monday_tagesschau-8554,154,41,2
07September_2010_Tuesday_tagesschau-1951,65,13,8
03December_2009_Thursday_tagesschau-7221,121,21,1
26October_2010_Tuesday_tagesschau-5788,130,41,8
12December_2011_Monday_heute-5801,209,41,7
01July_2011_Friday_tagesschau-2768,60,13,9
22April_2010_Thursday_heute-2118,87,21,1
23September_2010_Thursday_tagesschau-3439,105,21,5
01June_2010_Tuesday_heute-6618,32,9,4
04December_2010_Saturday_tagesschau-4837,88,21,4
28November_2011_Monday_tagesschau-167,146,41,1
30March_2010_Tuesday_heute-7574,79,21,6
20March_2010_Saturday_heute-7283,163,41,5
09August_2011_Tuesday_tagesschau-2586,162,41,0
28September_2012_Friday_tagesschau-926,156,41,7
21October_2010_Thursday_tagesschau-1816,125,21,4
23February_2011_Wednesday_heute-3773,41,13,6
01August_2011_Monday_heute-4856,37,9,1
31October_2009_Saturday_tagesschau-7139,198,41,2
16July_2009_Thursday_tagesschau-5055,56,13,9
11December_2010_Saturday_tagesschau-8666,148,41,6
14December_2010_Tuesday_heute-647,210,41,5
04July_2011_Monday_tagesschau-697,59,13,9
23May_2010_Sunday_tagesschau-4346,197,41,3
29September_2009_Tuesday_tagesschau-8539,146,41,3
31July_2010_Saturday_tagesschau-2488,111,21,2
02December_2010_Thursday_heute-8446,236,41,9
07October_2010_Thursday_heute-8565,117,21,0
06May_2010_Thursday_tagesschau-5745,98,21,0
12September_2009_Saturday_tagesschau-6586,115,21,1
16February_2010_Tuesday_tagesschau-6096,178,41,0
29September_2012_Saturday_tagesschau-2962,97,21,2
22November_2009_Sunday_tagesschau-5481,122,21,5
01February_2011_Tuesday_tagesschau-4973,120,21,9
22July_2010_Thursday_heute-8808,133,41,8
06January_2011_Thursday_tagesschau-5650,151,41,4
14December_2010_Tuesday_heute-649,190,41,6
31January_2010_Sunday_tagesschau-1332,34,9,3
21April_2010_Wednesday_heute-3112,79,21,9
27May_2010_Thursday_tagesschau-8380,131,41,2
04July_2010_Sunday_tagesschau-7207,107,21,3
01June_2011_Wednesday_heute-953,262,41,3
06July_2010_Tuesday_tagesschau-2661,110,21,2
25August_2009_Tuesday_heute-3300,40,9,1
31August_2010_Tuesday_tagesschau-5172,120,21,1
17September_2010_Friday_tagesschau-3415,115,21,2
05May_2010_Wednesday_tagesschau-3351,52,13,1
16December_2009_Wednesday_tagesschau-5909,119,21,9
08September_2010_Wednesday_tagesschau-5247,111,21,8
03October_2010_Sunday_tagesschau-5763,123,21,9
28August_2010_Saturday_tagesschau-8186,115,21,1
20May_2010_Thursday_tagesschau-3153,126,21,5
23January_2013_Wednesday_tagesschau-432,111,21,0
26August_2010_Thursday_tagesschau-4274,79,21,9
11September_2010_Saturday_tagesschau-4999,74,21,0
31January_2011_Monday_heute-3051,146,41,2
22September_2010_Wednesday_tagesschau-3255,123,21,6
09August_2011_Tuesday_tagesschau-2593,99,21,5
01February_2011_Tuesday_tagesschau-4969,157,41,6
02December_2011_Friday_tagesschau-8016,121,21,4
14July_2010_Wednesday_heute-6191,94,21,4
21January_2011_Friday_tagesschau-4892,162,41,0
14July_2011_Thursday_heute-5858,207,41,5
12January_2010_Tuesday_tagesschau-2389,110,21,9
13October_2009_Tuesday_tagesschau-1661,49,13,2
17January_2010_Sunday_tagesschau-5549,116,21,7
03July_2010_Saturday_tagesschau-4578,57,13,9
01October_2010_Friday_tagesschau-2696,147,41,7
17January_2010_Sunday_tagesschau-5552,134,41,0
02June_2010_Wednesday_tagesschau-7163,78,21,4
19January_2011_Wednesday_heute-2678,180,41,4
07February_2011_Monday_tagesschau-1617,169,41,5
09December_2009_Wednesday_heute-4755,31,9,9
06February_2011_Sunday_tagesschau-6920,107,21,5
25November_2011_Friday_tagesschau-4389,107,21,6
14October_2010_Thursday_tagesschau-297,103,21,5
31May_2011_Tuesday_heute-1900,313,41,1
22October_2009_Thursday_tagesschau-1126,65,13,7
28January_2013_Monday_heute-8003,207,41,2
24November_2011_Thursday_heute-220,135,41,6
13February_2010_Saturday_tagesschau-6038,280,41,2
05December_2011_Monday_heute-7428,49,13,1
14September_2010_Tuesday_heute-8245,45,13,0
18October_2009_Sunday_tagesschau-6685,86,21,7
07October_2010_Thursday_heute-8571,115,21,5
29January_2013_Tuesday_tagesschau-876,63,13,8
10January_2011_Monday_heute-1374,275,41,0
09September_2010_Thursday_tagesschau-4369,46,13,1
06December_2010_Monday_heute-6204,129,41,8
26July_2010_Monday_tagesschau-6258,85,21,5
02June_2010_Wednesday_tagesschau-7154,68,21,3
26April_2010_Monday_tagesschau-7275,175,41,4
04January_2010_Monday_heute-7404,85,21,1
06October_2011_Thursday_heute-5540,47,13,3
26January_2013_Saturday_tagesschau-7355,151,41,1
30January_2013_Wednesday_tagesschau-472,103,21,4
15November_2009_Sunday_tagesschau-1426,112,21,0
20October_2009_Tuesday_tagesschau-3591,39,9,1
09August_2011_Tuesday_tagesschau-2581,93,21,4
15December_2009_Tuesday_tagesschau-6960,54,13,4
26May_2010_Wednesday_heute-7870,149,41,0
20January_2010_Wednesday_heute-813,102,21,6
30September_2009_Wednesday_tagesschau-1780,106,21,3
24October_2009_Saturday_tagesschau-4288,150,41,2
17February_2010_Wednesday_heute-1477,130,41,1
25October_2010_Monday_heute-2050,127,21,6
04December_2010_Saturday_tagesschau-4835,140,41,0
02February_2010_Tuesday_tagesschau-7959,78,21,0
25January_2010_Monday_heute-1464,154,41,0
24March_2011_Thursday_tagesschau-3936,125,21,5
26November_2011_Saturday_tagesschau-5844,137,41,6
12April_2010_Monday_tagesschau-353,88,21,0
09August_2010_Monday_tagesschau-2996,171,41,7
14July_2011_Thursday_heute-5857,47,13,5
03December_2011_Saturday_tagesschau-8671,108,21,6
16July_2011_Saturday_tagesschau-7529,36,9,0
05May_2011_Thursday_tagesschau-29,231,41,2
01December_2011_Thursday_tagesschau-3467,126,21,3
30March_2011_Wednesday_tagesschau-7137,124,21,4
10April_2010_Saturday_tagesschau-4138,71,21,1
17February_2010_Wednesday_tagesschau-4937,104,21,5
19August_2010_Thursday_tagesschau-989,136,41,4
20October_2011_Thursday_tagesschau-508,115,21,5
11February_2011_Friday_tagesschau-7754,72,21,1
06December_2010_Monday_heute-6211,107,21,6
23August_2010_Monday_heute-5324,69,21,1
15November_2009_Sunday_tagesschau-1428,131,41,7
31July_2010_Saturday_tagesschau-2487,94,21,7
07February_2011_Monday_heute-4664,116,21,1
05January_2011_Wednesday_tagesschau-2242,134,41,1
07February_2011_Monday_tagesschau-1608,106,21,7
14December_2009_Monday_tagesschau-2089,150,41,1
03February_2011_Thursday_heute-609,64,13,4
18January_2010_Monday_heute-3850,73,21,7
15December_2010_Wednesday_tagesschau-46,123,21,0
24February_2011_Thursday_tagesschau-4763,60,13,2
26August_2009_Wednesday_heute-6558,93,21,6
24August_2009_Monday_heute-6651,29,9,0
14December_2010_Tuesday_heute-653,221,41,7
14September_2010_Tuesday_heute-8241,89,21,3
29September_2011_Thursday_heute-4233,102,21,1
28May_2011_Saturday_tagesschau-2609,92,21,5
01February_2011_Tuesday_tagesschau-4972,141,41,3
19October_2010_Tuesday_tagesschau-8292,147,41,1
13February_2010_Saturday_tagesschau-6037,188,41,8
02September_2010_Thursday_tagesschau-8367,119,21,4
28December_2011_Wednesday_tagesschau-1913,165,41,0
03February_2011_Thursday_tagesschau-927,111,21,6
20February_2010_Saturday_tagesschau-7888,126,21,7
21May_2010_Friday_tagesschau-5093,94,21,8
21November_2011_Monday_tagesschau-2265,81,21,6
27July_2010_Tuesday_heute-5272,175,41,7
24June_2010_Thursday_tagesschau-7309,125,21,4
14April_2010_Wednesday_tagesschau-3815,144,41,1
03February_2011_Thursday_heute-616,41,13,1
28January_2010_Thursday_tagesschau-2808,98,21,7
06October_2012_Saturday_tagesschau-8736,79,21,9
24June_2011_Friday_tagesschau-4070,181,41,5
18May_2010_Tuesday_heute-3370,47,13,6
31January_2011_Monday_tagesschau-673,99,21,2
06May_2010_Thursday_tagesschau-5743,106,21,5
04June_2010_Friday_tagesschau-1171,178,41,0
06July_2011_Wednesday_tagesschau-6867,157,41,1
04December_2011_Sunday_tagesschau-7786,124,21,7
28January_2010_Thursday_heute-2885,240,41,4
26August_2009_Wednesday_heute-6548,59,13,9
12April_2010_Monday_heute-7697,37,9,4
04May_2011_Wednesday_heute-3987,40,9,4
18December_2010_Saturday_tagesschau-6129,122,21,6
30January_2013_Wednesday_tagesschau-473,104,21,4
14April_2010_Wednesday_tagesschau-3819,46,13,2
26August_2010_Thursday_tagesschau-4268,118,21,8
30January_2013_Wednesday_tagesschau-469,32,9,7
07February_2010_Sunday_tagesschau-494,128,21,8
13October_2009_Tuesday_tagesschau-1662,134,41,9
14December_2010_Tuesday_heute-652,223,41,2
12April_2011_Tuesday_tagesschau-681,104,21,2
25February_2010_Thursday_tagesschau-1757,171,41,5
05March_2011_Saturday_tagesschau-5445,139,41,2
02August_2010_Monday_heute-1241,173,41,0
24January_2010_Sunday_tagesschau-8712,117,21,5
27June_2011_Monday_heute-2464,131,41,6
21June_2011_Tuesday_tagesschau-1265,166,41,3
14June_2010_Monday_tagesschau-3705,91,21,1
23July_2011_Saturday_tagesschau-5496,129,41,0
15February_2010_Monday_tagesschau-1838,37,9,3
08December_2009_Tuesday_heute-4207,32,9,6
27October_2010_Wednesday_tagesschau-7456,122,21,2
12May_2010_Wednesday_tagesschau-315,70,21,9
19April_2010_Monday_tagesschau-1385,151,41,8
01February_2011_Tuesday_heute-4641,80,21,4
26August_2009_Wednesday_tagesschau-3216,185,41,0
05January_2011_Wednesday_heute-3533,112,21,8
28September_2010_Tuesday_tagesschau-343,77,21,8
26March_2011_Saturday_tagesschau-5725,178,41,3
01October_2012_Monday_tagesschau-5373,80,21,7
16March_2011_Wednesday_tagesschau-2223,141,41,9
16December_2011_Friday_tagesschau-6525,102,21,9
07June_2010_Monday_heute-2331,151,41,0
15December_2010_Wednesday_tagesschau-38,125,21,0
23September_2010_Thursday_heute-6484,73,21,8
06September_2009_Sunday_tagesschau-5304,124,21,4
25July_2010_Sunday_tagesschau-4781,176,41,4
04April_2010_Sunday_tagesschau-4564,96,21,9
12February_2010_Friday_tagesschau-124,53,13,3
17February_2011_Thursday_tagesschau-6314,143,41,6
17May_2010_Monday_tagesschau-8470,118,21,9
19October_2009_Monday_tagesschau-238,124,21,3
22November_2011_Tuesday_tagesschau-3646,104,21,4
18December_2010_Saturday_tagesschau-6122,106,21,4
28October_2010_Thursday_tagesschau-5932,179,41,9
08December_2009_Tuesday_tagesschau-1940,114,21,1
28May_2010_Friday_tagesschau-7495,135,41,7
25November_2009_Wednesday_tagesschau-7676,143,41,2
25September_2010_Saturday_tagesschau-3487,112,21,3
28November_2011_Monday_tagesschau-163,141,41,0
18April_2010_Sunday_tagesschau-6653,91,21,5
01July_2009_Wednesday_tagesschau-4559,126,21,2
14May_2010_Friday_tagesschau-4799,184,41,9
14June_2010_Monday_tagesschau-3709,121,21,8
12January_2011_Wednesday_tagesschau-1729,66,21,6
26August_2009_Wednesday_heute-6540,45,13,3
28July_2010_Wednesday_tagesschau-863,162,41,0
22July_2009_Wednesday_tagesschau-2880,48,13,0
09January_2010_Saturday_tagesschau-1926,108,21,5
05June_2010_Saturday_tagesschau-3928,202,41,9
07April_2010_Wednesday_heute-1624,113,21,0
09September_2010_Thursday_tagesschau-4375,147,41,8
24March_2011_Thursday_heute-6375,113,21,8
09August_2011_Tuesday_tagesschau-2589,104,21,9
22April_2010_Thursday_heute-2123,217,41,9
07December_2009_Monday_tagesschau-7106,79,21,2
24July_2010_Saturday_tagesschau-6336,138,41,3
28January_2010_Thursday_heute-2897,234,41,8
02February_2010_Tuesday_tagesschau-7952,61,13,4
24January_2010_Sunday_tagesschau-8704,138,41,4
03February_2011_Thursday_tagesschau-942,85,21,3
29April_2010_Thursday_tagesschau-4874,36,9,9
04January_2011_Tuesday_tagesschau-1068,121,21,5
31March_2010_Wednesday_tagesschau-1006,111,21,1
10April_2011_Sunday_tagesschau-1527,119,21,3
31May_2011_Tuesday_heute-1896,166,41,3
19November_2009_Thursday_tagesschau-3783,182,41,2
19April_2011_Tuesday_heute-5342,265,41,5
10July_2009_Friday_tagesschau-1091,131,41,1
03October_2010_Sunday_tagesschau-5762,139,41,1
24September_2010_Friday_tagesschau-213,88,21,6
03June_2010_Thursday_tagesschau-2630,127,21,6
09July_2011_Saturday_tagesschau-3296,81,21,7
23March_2011_Wednesday_tagesschau-8754,152,41,9
16January_2010_Saturday_tagesschau-8070,102,21,5
06November_2010_Saturday_tagesschau-1159,177,41,6
01November_2010_Monday_tagesschau-144,126,21,3
13September_2010_Monday_heute-7174,112,21,4
22June_2011_Wednesday_heute-4383,218,41,8
11July_2011_Monday_tagesschau-857,96,21,9
18September_2010_Saturday_tagesschau-4191,186,41,6
24September_2010_Friday_tagesschau-210,86,21,2
14October_2010_Thursday_heute-2188,119,21,1
22December_2010_Wednesday_tagesschau-5070,136,41,3
17May_2010_Monday_heute-5570,118,21,7
16May_2010_Sunday_tagesschau-5233,120,21,7
15July_2011_Friday_tagesschau-8716,121,21,1
12December_2010_Sunday_tagesschau-5606,70,21,5
19May_2010_Wednesday_heute-1120,136,41,1
17July_2009_Friday_tagesschau-5115,76,21,4
29September_2012_Saturday_tagesschau-2956,80,21,4
08January_2010_Friday_tagesschau-3978,118,21,8
29April_2010_Thursday_tagesschau-4881,114,21,8
20September_2010_Monday_heute-2936,231,41,0
22July_2009_Wednesday_tagesschau-2875,154,41,4
31January_2011_Monday_heute-3041,198,41,5
03October_2012_Wednesday_tagesschau-7660,162,41,1
05July_2010_Monday_heute-8698,126,21,4
30July_2011_Saturday_tagesschau-8590,64,13,2
09December_2010_Thursday_heute-7556,77,21,5
13July_2010_Tuesday_tagesschau-4315,156,41,1
06December_2010_Monday_heute-6198,68,21,1
13March_2011_Sunday_tagesschau-4466,135,41,6
15July_2010_Thursday_tagesschau-4055,112,21,6
11August_2011_Thursday_heute-3194,210,41,6
07October_2012_Sunday_tagesschau-3024,77,21,5
14July_2010_Wednesday_heute-6183,184,41,1
08June_2010_Tuesday_heute-1994,70,21,4
16November_2009_Monday_tagesschau-3101,107,21,1
07December_2011_Wednesday_tagesschau-5402,170,41,3
07October_2012_Sunday_tagesschau-3036,100,21,0
24February_2011_Thursday_tagesschau-4767,104,21,7
02December_2010_Thursday_tagesschau-3643,156,41,9
14June_2010_Monday_heute-1597,95,21,0
09June_2010_Wednesday_tagesschau-5970,120,21,5
18April_2011_Monday_tagesschau-1322,190,41,9
24January_2011_Monday_tagesschau-3715,73,21,6
18January_2011_Tuesday_tagesschau-6994,92,21,8
20February_2010_Saturday_tagesschau-7897,96,21,7
13July_2010_Tuesday_tagesschau-4311,107,21,1
11November_2009_Wednesday_tagesschau-8040,52,13,0
06November_2010_Saturday_tagesschau-1154,110,21,8
30November_2009_Monday_tagesschau-5758,171,41,5
19October_2010_Tuesday_tagesschau-8295,147,41,7
19April_2010_Monday_heute-776,97,21,0
24November_2011_Thursday_heute-221,176,41,3
19July_2009_Sunday_tagesschau-1572,75,21,3
24September_2010_Friday_tagesschau-205,149,41,4
22October_2009_Thursday_tagesschau-1127,104,21,7
22November_2009_Sunday_tagesschau-5485,96,21,4
03December_2011_Saturday_tagesschau-8678,57,13,2
30September_2012_Sunday_tagesschau-4036,46,13,7
03November_2010_Wednesday_tagesschau-6498,96,21,4
24June_2011_Friday_tagesschau-4069,149,41,0
24May_2011_Tuesday_tagesschau-4474,84,21,2
19January_2011_Wednesday_tagesschau-7077,127,21,2
05February_2011_Saturday_tagesschau-7857,92,21,7
10August_2010_Tuesday_heute-1447,232,41,2
02October_2012_Tuesday_tagesschau-2846,73,21,1
27November_2011_Sunday_tagesschau-5141,85,21,2
12April_2010_Monday_heute-7684,180,41,5
29July_2010_Thursday_heute-7742,52,13,7
10July_2009_Friday_tagesschau-1088,97,21,0
20March_2010_Saturday_heute-7292,47,13,7
06September_2010_Monday_tagesschau-1143,221,41,0
02March_2011_Wednesday_tagesschau-4714,107,21,1
09August_2009_Sunday_tagesschau-1192,52,13,9
15March_2011_Tuesday_tagesschau-3327,97,21,1
11May_2010_Tuesday_heute-5992,305,41,7
13July_2010_Tuesday_tagesschau-4316,162,41,4
13May_2010_Thursday_tagesschau-7927,183,41,8
20July_2010_Tuesday_tagesschau-7885,189,41,1
07April_2010_Wednesday_tagesschau-6031,120,21,0
06September_2010_Monday_tagesschau-1149,88,21,1
05January_2011_Wednesday_tagesschau-2249,177,41,5
05November_2010_Friday_tagesschau-1876,106,21,6
25October_2010_Monday_tagesschau-16,185,41,7
31August_2010_Tuesday_heute-3180,227,41,0
24May_2010_Monday_tagesschau-3140,179,41,2
20January_2010_Wednesday_heute-800,83,21,3
06July_2011_Wednesday_tagesschau-6866,146,41,0
23September_2010_Thursday_tagesschau-3449,148,41,2
28September_2009_Monday_tagesschau-4684,94,21,4
08November_2010_Monday_tagesschau-6930,184,41,2
17February_2010_Wednesday_heute-1476,57,13,4
23February_2011_Wednesday_heute-3772,88,21,8
07June_2010_Monday_tagesschau-1559,124,21,9
12December_2011_Monday_heute-5817,37,9,8
30March_2011_Wednesday_tagesschau-7131,172,41,0
13November_2009_Friday_tagesschau-8605,119,21,4
05July_2011_Tuesday_tagesschau-6144,73,21,6
01May_2010_Saturday_tagesschau-7190,68,21,2
04July_2011_Monday_heute-6444,128,21,9
25November_2011_Friday_tagesschau-4392,106,21,2
06May_2010_Thursday_heute-1051,178,41,4
01November_2010_Monday_heute-1704,57,13,8
07December_2009_Monday_tagesschau-7100,130,41,9
06May_2011_Friday_tagesschau-6432,128,21,6
22June_2011_Wednesday_heute-4382,268,41,2
21August_2011_Sunday_tagesschau-262,213,41,0
12December_2011_Monday_tagesschau-8279,57,13,6
06March_2011_Sunday_tagesschau-3893,221,41,7
09July_2009_Thursday_tagesschau-7111,109,21,7
07October_2012_Sunday_tagesschau-3029,68,21,7
06March_2011_Sunday_tagesschau-3892,123,21,6
25January_2010_Monday_heute-1474,34,9,2
07December_2010_Tuesday_heute-5634,184,41,6
07December_2010_Tuesday_tagesschau-4150,92,21,3
23September_2010_Thursday_heute-6478,133,41,1
25August_2010_Wednesday_tagesschau-8511,53,13,0
12September_2010_Sunday_tagesschau-3912,170,41,8
29November_2009_Sunday_tagesschau-7051,61,13,2
16February_2010_Tuesday_tagesschau-6094,195,41,4
28October_2010_Thursday_tagesschau-5927,111,21,0
22November_2010_Monday_heute-282,213,41,3
04September_2010_Saturday_tagesschau-7326,130,41,8
22November_2011_Tuesday_heute-4651,135,41,8
01October_2012_Monday_tagesschau-5372,99,21,1
22July_2009_Wednesday_tagesschau-2869,119,21,1
03July_2010_Saturday_tagesschau-4584,97,21,6
23September_2010_Thursday_heute-6474,113,21,9
30April_2010_Friday_tagesschau-2020,202,41,2
01December_2011_Thursday_heute-3063,191,41,1
06October_2011_Thursday_heute-5548,39,9,8
14July_2011_Thursday_heute-5867,192,41,7
07February_2011_Monday_heute-4660,233,41,7
13March_2011_Sunday_tagesschau-4455,133,41,4
12August_2009_Wednesday_tagesschau-1797,131,41,5
18January_2010_Monday_tagesschau-4024,97,21,1
30October_2009_Friday_tagesschau-2277,96,21,9
07May_2011_Saturday_tagesschau-111,131,41,9
17June_2010_Thursday_tagesschau-3908,197,41,6
08January_2010_Friday_tagesschau-3982,107,21,5
08April_2010_Thursday_tagesschau-3951,167,41,7
01August_2011_Monday_heute-4848,44,13,5
07October_2012_Sunday_tagesschau-3035,51,13,7
18October_2010_Monday_tagesschau-6742,110,21,4
26October_2009_Monday_tagesschau-1392,109,21,5
23July_2011_Saturday_tagesschau-5500,52,13,8
04June_2010_Friday_tagesschau-1177,75,21,7
06December_2011_Tuesday_tagesschau-6848,127,21,7
25February_2011_Friday_tagesschau-566,150,41,3
15December_2010_Wednesday_tagesschau-48,127,21,0
10November_2009_Tuesday_tagesschau-7251,123,21,1
12December_2010_Sunday_tagesschau-5599,91,21,1
12April_2011_Tuesday_tagesschau-691,96,21,9
27April_2010_Tuesday_tagesschau-4515,97,21,4
28February_2011_Monday_tagesschau-4980,130,41,8
28August_2009_Friday_tagesschau-5877,64,13,9
12January_2010_Tuesday_heute-2541,104,21,4
03February_2011_Thursday_heute-606,122,21,4
07December_2011_Wednesday_heute-7808,190,41,2
07December_2011_Wednesday_heute-7801,72,21,5
07August_2009_Friday_tagesschau-6178,78,21,4
24January_2011_Monday_heute-6975,103,21,9
26August_2009_Wednesday_heute-6554,64,13,0
25January_2013_Friday_tagesschau-7816,144,41,5
25March_2011_Friday_tagesschau-5826,120,21,0
19January_2011_Wednesday_heute-2688,55,13,0
08May_2010_Saturday_tagesschau-186,97,21,7
02September_2010_Thursday_tagesschau-8366,74,21,8
05November_2010_Friday_tagesschau-1877,127,21,5
19October_2010_Tuesday_heute-8057,64,13,1
01December_2011_Thursday_tagesschau-3475,139,41,2
13February_2010_Saturday_tagesschau-6041,90,21,8
10January_2011_Monday_heute-1367,210,41,1
12January_2010_Tuesday_tagesschau-2383,237,41,1
11February_2010_Thursday_tagesschau-8759,92,21,3
17October_2009_Saturday_tagesschau-2126,134,41,2
29March_2010_Monday_tagesschau-8390,132,41,4
23September_2010_Thursday_heute-6475,89,21,5
20November_2011_Sunday_tagesschau-546,144,41,7
11February_2011_Friday_tagesschau-7762,154,41,5
12October_2009_Monday_tagesschau-556,156,41,7
19November_2009_Thursday_tagesschau-3789,131,41,4
31July_2010_Saturday_tagesschau-2490,123,21,2
11January_2011_Tuesday_heute-8165,48,13,3
05January_2010_Tuesday_tagesschau-2671,136,41,4
03August_2010_Tuesday_heute-7618,125,21,7
25July_2011_Monday_heute-8228,106,21,0
05June_2010_Saturday_tagesschau-3924,133,41,9
09April_2010_Friday_tagesschau-7633,162,41,2
29June_2010_Tuesday_tagesschau-7703,46,13,7
16July_2009_Thursday_tagesschau-5060,113,21,0
18January_2011_Tuesday_heute-5465,156,41,8
15February_2011_Tuesday_heute-7908,76,21,1
24May_2011_Tuesday_tagesschau-4476,136,41,6
31January_2011_Monday_tagesschau-672,169,41,0
19July_2009_Sunday_tagesschau-1569,158,41,2
23November_2011_Wednesday_heute-2397,270,41,5
07August_2009_Friday_tagesschau-6163,35,9,5
23February_2010_Tuesday_tagesschau-201,61,13,5
01July_2009_Wednesday_tagesschau-4562,156,41,3
24July_2010_Saturday_tagesschau-6334,214,41,0
04May_2010_Tuesday_tagesschau-7842,138,41,7
23August_2010_Monday_tagesschau-4434,153,41,2
12April_2010_Monday_heute-7688,87,21,0
22August_2010_Sunday_tagesschau-1350,153,41,8
31May_2011_Tuesday_heute-1895,287,41,3
25February_2011_Friday_tagesschau-565,151,41,7
12December_2011_Monday_tagesschau-8278,43,13,5
04July_2011_Monday_heute-6445,158,41,9
27May_2010_Thursday_tagesschau-8374,64,13,1
26October_2010_Tuesday_tagesschau-5794,96,21,2
13September_2010_Monday_tagesschau-4603,66,21,3
17April_2010_Saturday_tagesschau-395,115,21,0
01February_2011_Tuesday_tagesschau-4968,200,41,5
08July_2011_Friday_tagesschau-6736,153,41,1
14September_2010_Tuesday_heute-8243,144,41,0
29April_2010_Thursday_tagesschau-4885,143,41,9
23September_2009_Wednesday_tagesschau-7592,69,21,3
25August_2009_Tuesday_heute-3319,49,13,4
24July_2010_Saturday_tagesschau-6340,98,21,2
02October_2012_Tuesday_heute-3493,289,41,4
29July_2010_Thursday_tagesschau-7417,167,41,9
02September_2010_Thursday_heute-3461,157,41,0
24August_2010_Tuesday_heute-3017,106,21,8
03February_2010_Wednesday_heute-2348,122,21,7
27February_2010_Saturday_tagesschau-7767,174,41,0
11April_2010_Sunday_tagesschau-8638,120,21,0
02September_2010_Thursday_heute-3450,43,13,9
28September_2010_Tuesday_tagesschau-342,117,21,8
03August_2010_Tuesday_tagesschau-2781,100,21,3
05January_2010_Tuesday_tagesschau-2670,86,21,7
22February_2011_Tuesday_tagesschau-8403,107,21,4
28September_2010_Tuesday_heute-8358,39,9,1
26April_2010_Monday_tagesschau-7274,95,21,3
02December_2009_Wednesday_tagesschau-4043,114,21,4
24January_2013_Thursday_heute-7257,214,41,2
03September_2010_Friday_tagesschau-8434,70,21,2
30November_2011_Wednesday_tagesschau-6281,104,21,4
16June_2010_Wednesday_heute-8313,65,13,5
04January_2010_Monday_heute-7405,188,41,3
16December_2009_Wednesday_tagesschau-5920,147,41,5
03July_2009_Friday_tagesschau-2013,261,41,8
08May_2010_Saturday_tagesschau-181,183,41,9
23March_2011_Wednesday_tagesschau-8746,146,41,2
12August_2010_Thursday_tagesschau-4410,89,21,0
31July_2010_Saturday_tagesschau-2491,115,21,4
27May_2010_Thursday_tagesschau-8378,162,41,9
08November_2010_Monday_heute-6881,55,13,1
18April_2011_Monday_tagesschau-1320,123,21,9
28October_2010_Thursday_heute-336,164,41,6
09August_2010_Monday_tagesschau-2998,48,13,5
09August_2011_Tuesday_tagesschau-2592,95,21,2
31October_2009_Saturday_tagesschau-7151,47,13,4
01November_2010_Monday_tagesschau-135,131,41,3
22March_2011_Tuesday_tagesschau-4954,135,41,2
18January_2010_Monday_tagesschau-4016,106,21,6
23May_2011_Monday_tagesschau-1100,53,13,4
04January_2010_Monday_tagesschau-8555,56,13,4
03December_2009_Thursday_tagesschau-7216,54,13,3
11February_2011_Friday_tagesschau-7759,96,21,3
27February_2011_Sunday_tagesschau-6111,158,41,7
06February_2011_Sunday_tagesschau-6916,131,41,1
07December_2009_Monday_tagesschau-7108,41,13,1
09August_2011_Tuesday_tagesschau-2588,142,41,6
03July_2010_Saturday_tagesschau-4590,91,21,6
22November_2010_Monday_heute-275,41,13,5
08December_2009_Tuesday_heute-4208,86,21,2
01October_2009_Thursday_tagesschau-412,177,41,8
21October_2011_Friday_tagesschau-4113,87,21,8
03November_2010_Wednesday_tagesschau-6502,59,13,4
24August_2009_Monday_heute-6640,107,21,6
07August_2009_Friday_tagesschau-6172,44,13,1
14December_2010_Tuesday_tagesschau-8458,91,21,5
25August_2010_Wednesday_tagesschau-8506,118,21,6
29August_2009_Saturday_tagesschau-5026,99,21,7
16June_2010_Wednesday_tagesschau-8153,129,41,2
20July_2010_Tuesday_tagesschau-7884,132,41,0
30January_2010_Saturday_tagesschau-1697,90,21,4
29November_2011_Tuesday_heute-8093,91,21,9
02November_2010_Tuesday_heute-2748,85,21,8
29July_2010_Thursday_tagesschau-7414,122,21,1
02June_2010_Wednesday_tagesschau-7153,72,21,5
19October_2010_Tuesday_heute-8054,203,41,0
13April_2010_Tuesday_tagesschau-2311,91,21,9
18October_2010_Monday_tagesschau-6739,101,21,2
17June_2010_Thursday_tagesschau-3909,143,41,9
19October_2010_Tuesday_tagesschau-8287,139,41,8
05December_2011_Monday_heute-7432,95,21,8
26January_2010_Tuesday_heute-100,48,13,6
14May_2010_Friday_tagesschau-4809,90,21,5
15October_2009_Thursday_tagesschau-7710,144,41,9
11November_2010_Thursday_tagesschau-3567,183,41,0
22October_2009_Thursday_tagesschau-1135,90,21,0
27February_2010_Saturday_tagesschau-7771,66,21,9
22July_2010_Thursday_tagesschau-8202,117,21,8
17April_2010_Saturday_tagesschau-401,201,41,6
21June_2011_Tuesday_tagesschau-1266,146,41,9
09December_2009_Wednesday_heute-4756,65,13,5
30July_2010_Friday_tagesschau-1523,80,21,1
01November_2010_Monday_heute-1719,190,41,3
07April_2010_Wednesday_tagesschau-6032,140,41,7
09September_2010_Thursday_tagesschau-4374,155,41,0
24September_2010_Friday_tagesschau-212,115,21,4
08February_2010_Monday_heute-1504,261,41,0
21October_2010_Thursday_tagesschau-1813,203,41,1
29January_2010_Friday_tagesschau-6488,38,9,7
05January_2010_Tuesday_tagesschau-2666,122,21,1
03December_2011_Saturday_tagesschau-8679,79,21,8
27May_2011_Friday_tagesschau-8123,135,41,7
03December_2011_Saturday_tagesschau-8683,128,21,8
06May_2010_Thursday_heute-1046,79,21,1
21November_2010_Sunday_tagesschau-5671,139,41,6
23February_2010_Tuesday_tagesschau-193,78,21,8
29August_2011_Monday_tagesschau-5712,113,21,7
23May_2011_Monday_tagesschau-1106,125,21,9
06July_2010_Tuesday_tagesschau-2660,172,41,0
18October_2009_Sunday_tagesschau-6691,135,41,6
26May_2011_Thursday_tagesschau-4792,196,41,4
25August_2010_Wednesday_heute-6003,172,41,4
23December_2010_Thursday_tagesschau-1436,186,41,6
24August_2010_Tuesday_heute-3021,108,21,7
14July_2010_Wednesday_heute-6186,171,41,3
07December_2009_Monday_tagesschau-7101,95,21,2
01December_2011_Thursday_heute-3067,53,13,4
07June_2010_Monday_heute-2326,86,21,1
25March_2011_Friday_tagesschau-5818,99,21,9
10August_2010_Tuesday_heute-1452,151,41,1
02December_2010_Thursday_tagesschau-3645,116,21,0
26June_2010_Saturday_tagesschau-723,156,41,9
18October_2009_Sunday_tagesschau-6689,123,21,6
08June_2010_Tuesday_heute-1993,235,41,4
29April_2010_Thursday_heute-8619,115,21,0
11August_2009_Tuesday_tagesschau-4360,29,9,9
04August_2011_Thursday_tagesschau-716,132,41,1
07April_2010_Wednesday_tagesschau-6027,99,21,8
12October_2009_Monday_tagesschau-557,104,21,5
10August_2010_Tuesday_heute-1457,89,21,4
01March_2011_Tuesday_tagesschau-2208,238,41,0
08April_2010_Thursday_heute-4001,156,41,5
01February_2011_Tuesday_heute-4638,100,21,2
16July_2009_Thursday_tagesschau-5059,137,41,7
07April_2011_Thursday_tagesschau-8104,74,21,7
30November_2010_Tuesday_tagesschau-4616,136,41,5
31August_2010_Tuesday_tagesschau-5173,118,21,7
05December_2011_Monday_tagesschau-4184,171,41,0
01December_2011_Thursday_tagesschau-3478,120,21,3
06May_2010_Thursday_tagesschau-5737,92,21,3
14August_2009_Friday_tagesschau-64,127,21,0
12October_2009_Monday_tagesschau-558,93,21,7
13March_2011_Sunday_tagesschau-4460,105,21,1
12July_2011_Tuesday_heute-1282,129,41,9
05December_2011_Monday_tagesschau-4173,107,21,8
16July_2011_Saturday_tagesschau-7523,96,21,2
01September_2010_Wednesday_tagesschau-5040,144,41,3
24June_2010_Thursday_tagesschau-7308,89,21,3
03June_2011_Friday_tagesschau-7643,109,21,6
25February_2010_Thursday_tagesschau-1755,99,21,1
20November_2009_Friday_tagesschau-6571,102,21,3
14December_2010_Tuesday_tagesschau-8465,173,41,1
18May_2010_Tuesday_heute-3373,32,9,7
29June_2011_Wednesday_tagesschau-4484,87,21,6
14September_2010_Tuesday_tagesschau-5218,122,21,5
26August_2009_Wednesday_heute-6544,67,21,2
01February_2011_Tuesday_heute-4640,111,21,6
28May_2011_Saturday_tagesschau-2606,106,21,2
18February_2010_Thursday_tagesschau-4530,145,41,6
01April_2010_Thursday_tagesschau-4326,92,21,8
05July_2010_Monday_heute-8693,131,41,4
24June_2011_Friday_tagesschau-4074,119,21,7
12April_2010_Monday_heute-7694,128,21,3
17February_2011_Thursday_heute-386,220,41,4
07June_2010_Monday_tagesschau-1562,95,21,0
12January_2010_Tuesday_heute-2542,228,41,4
11November_2009_Wednesday_tagesschau-8038,169,41,7
09August_2010_Monday_heute-5898,199,41,4
28January_2010_Thursday_heute-2884,80,21,1
16September_2010_Thursday_tagesschau-6270,113,21,3
09January_2010_Saturday_tagesschau-1928,85,21,8
12January_2010_Tuesday_tagesschau-2380,83,21,6
22November_2011_Tuesday_tagesschau-3655,182,41,3
23February_2010_Tuesday_heute-6252,156,41,9
07June_2010_Monday_tagesschau-1564,224,41,3
15November_2009_Sunday_tagesschau-1425,106,21,1
10August_2010_Tuesday_heute-1442,101,21,4
21January_2011_Friday_tagesschau-4895,131,41,9
05March_2011_Saturday_tagesschau-5451,55,13,0
24August_2009_Monday_heute-6638,60,13,8
14July_2009_Tuesday_tagesschau-2435,69,21,6
26May_2010_Wednesday_tagesschau-6720,117,21,9
10November_2010_Wednesday_tagesschau-6804,136,41,1
03February_2011_Thursday_heute-619,39,9,3
24September_2009_Thursday_heute-6089,224,41,1
20June_2011_Monday_tagesschau-1251,93,21,3
06December_2011_Tuesday_tagesschau-6840,149,41,9
25May_2010_Tuesday_heute-3761,177,41,9
10August_2010_Tuesday_heute-1458,124,21,2
19March_2011_Saturday_tagesschau-4688,121,21,5
31July_2010_Saturday_tagesschau-2493,182,41,7
07May_2010_Friday_tagesschau-3615,34,9,7
29May_2011_Sunday_tagesschau-756,138,41,6
13October_2009_Tuesday_tagesschau-1649,76,21,2
09December_2009_Wednesday_heute-4739,148,41,3
09September_2010_Thursday_tagesschau-4365,155,41,4
18January_2011_Tuesday_heute-5475,96,21,3
03August_2010_Tuesday_heute-7615,105,21,9
01April_2010_Thursday_heute-6702,150,41,3
06January_2011_Thursday_tagesschau-5642,91,21,2
10February_2010_Wednesday_tagesschau-2520,121,21,5
24November_2009_Tuesday_tagesschau-5681,85,21,6
01April_2010_Thursday_heute-6711,77,21,1
02July_2009_Thursday_tagesschau-2868,145,41,0
16November_2009_Monday_tagesschau-3098,38,9,5
21August_2011_Sunday_tagesschau-270,132,41,2
26March_2011_Saturday_tagesschau-5719,110,21,5
20November_2009_Friday_tagesschau-6563,126,21,2
09August_2010_Monday_heute-5889,119,21,8
25September_2010_Saturday_tagesschau-3490,133,41,5
20November_2011_Sunday_tagesschau-540,109,21,0
13July_2010_Tuesday_tagesschau-4307,103,21,9
28September_2009_Monday_tagesschau-4683,107,21,3
07February_2010_Sunday_tagesschau-488,113,21,5
19April_2010_Monday_tagesschau-1390,136,41,2
29November_2009_Sunday_tagesschau-7040,114,21,1
29October_2009_Thursday_tagesschau-1014,140,41,9
14May_2010_Friday_tagesschau-4808,80,21,7
21October_2009_Wednesday_tagesschau-733,124,21,5
28September_2010_Tuesday_heute-8353,149,41,4
05February_2010_Friday_tagesschau-2915,121,21,7
21August_2011_Sunday_tagesschau-267,80,21,4
09August_2010_Monday_heute-5901,92,21,0
04July_2011_Monday_heute-6447,77,21,8
22July_2010_Thursday_tagesschau-8199,121,21,7
21August_2010_Saturday_tagesschau-8825,123,21,2
09March_2011_Wednesday_heute-1744,119,21,3
23August_2010_Monday_heute-5326,125,21,7
08June_2010_Tuesday_heute-1988,88,21,5
28March_2011_Monday_tagesschau-2294,147,41,2
25February_2010_Thursday_tagesschau-1756,85,21,9
30August_2010_Monday_tagesschau-2823,81,21,7
27May_2010_Thursday_heute-1224,73,21,4
26November_2011_Saturday_tagesschau-5846,151,41,5
21August_2010_Saturday_tagesschau-8817,124,21,3
17July_2009_Friday_tagesschau-5108,167,41,0
11May_2010_Tuesday_heute-5996,57,13,5
03August_2010_Tuesday_heute-7619,66,21,7
30June_2009_Tuesday_tagesschau-2954,104,21,6
04September_2010_Saturday_tagesschau-7325,135,41,0
14April_2010_Wednesday_tagesschau-3807,113,21,9
19February_2010_Friday_tagesschau-4100,149,41,0
19January_2011_Wednesday_tagesschau-7080,108,21,5
25January_2010_Monday_tagesschau-8307,104,21,8
08May_2010_Saturday_tagesschau-179,119,21,8
22July_2010_Thursday_tagesschau-8198,138,41,2
22October_2009_Thursday_tagesschau-1132,41,13,6
08November_2010_Monday_tagesschau-6925,55,13,6
07December_2011_Wednesday_tagesschau-5398,43,13,7
02October_2010_Saturday_tagesschau-1313,39,9,3
23January_2011_Sunday_tagesschau-7825,179,41,5
31July_2010_Saturday_tagesschau-2497,72,21,9
24August_2010_Tuesday_tagesschau-2202,69,21,7
11October_2010_Monday_tagesschau-4609,119,21,3
14September_2010_Tuesday_tagesschau-5215,108,21,5
05May_2011_Thursday_tagesschau-28,152,41,1
11May_2011_Wednesday_tagesschau-7017,207,41,2
28May_2011_Saturday_tagesschau-2604,150,41,5
23November_2011_Wednesday_heute-2398,201,41,7
26November_2011_Saturday_tagesschau-5849,67,21,0
29December_2011_Thursday_tagesschau-2379,84,21,1
01October_2010_Friday_tagesschau-2702,132,41,1
06October_2009_Tuesday_tagesschau-8162,109,21,2
23February_2010_Tuesday_heute-6245,56,13,4
03April_2010_Saturday_tagesschau-2979,190,41,9
06July_2009_Monday_tagesschau-2105,217,41,8
28January_2013_Monday_tagesschau-3626,103,21,6
11December_2009_Friday_tagesschau-3512,106,21,3
24August_2009_Monday_heute-6644,199,41,7
25June_2010_Friday_tagesschau-3878,89,21,6
26January_2010_Tuesday_tagesschau-2790,220,41,9
06October_2010_Wednesday_tagesschau-642,81,21,6
05November_2010_Friday_tagesschau-1870,60,13,7
10December_2009_Thursday_heute-7941,57,13,3
06January_2011_Thursday_tagesschau-5648,105,21,5
23August_2010_Monday_tagesschau-4433,120,21,7
29December_2011_Thursday_tagesschau-2365,174,41,2
04September_2010_Saturday_tagesschau-7321,66,21,1
04December_2009_Friday_tagesschau-843,128,21,7
09February_2010_Tuesday_tagesschau-4502,172,41,2
25October_2010_Monday_heute-2047,188,41,8
29January_2013_Tuesday_tagesschau-885,134,41,9
20January_2010_Wednesday_heute-811,102,21,7
01November_2010_Monday_tagesschau-138,69,21,9
26September_2010_Sunday_tagesschau-5944,138,41,2
06October_2009_Tuesday_tagesschau-8154,97,21,9
16April_2010_Friday_tagesschau-6581,175,41,5
12December_2011_Monday_tagesschau-8280,191,41,0
01November_2010_Monday_heute-1720,34,9,3
27October_2009_Tuesday_tagesschau-6155,111,21,4
02March_2011_Wednesday_tagesschau-4704,104,21,5
22March_2011_Tuesday_tagesschau-4960,117,21,7
14June_2010_Monday_heute-1604,251,41,4
11May_2011_Wednesday_tagesschau-7020,161,41,2
26March_2011_Saturday_tagesschau-5726,73,21,9
03September_2010_Friday_tagesschau-8422,87,21,7
29May_2010_Saturday_tagesschau-8415,205,41,2
22February_2011_Tuesday_tagesschau-8406,121,21,9
24April_2010_Saturday_tagesschau-3974,108,21,8
07February_2011_Monday_heute-4665,181,41,8
10April_2010_Saturday_tagesschau-4133,92,21,1
24January_2013_Thursday_heute-7255,140,41,1
06November_2010_Saturday_tagesschau-1160,118,21,0
20July_2010_Tuesday_tagesschau-7878,105,21,7
05August_2010_Thursday_tagesschau-4263,71,21,7
31August_2010_Tuesday_tagesschau-5170,112,21,1
19August_2010_Thursday_tagesschau-990,128,21,3
27November_2011_Sunday_tagesschau-5139,136,41,8
25November_2011_Friday_tagesschau-4401,106,21,5
31August_2010_Tuesday_tagesschau-5180,162,41,6
28November_2011_Monday_heute-1579,37,9,5
29December_2011_Thursday_tagesschau-2370,113,21,9
27August_2009_Thursday_tagesschau-3270,93,21,2
20October_2009_Tuesday_tagesschau-3590,130,41,2
07April_2011_Thursday_tagesschau-8098,114,21,2
03September_2010_Friday_tagesschau-8430,153,41,7
21July_2010_Wednesday_tagesschau-7382,176,41,3
23May_2011_Monday_heute-6454,129,41,9
21March_2011_Monday_tagesschau-4417,141,41,3
11February_2010_Thursday_tagesschau-8762,154,41,1
21October_2011_Friday_tagesschau-4114,90,21,4
29October_2009_Thursday_tagesschau-1018,56,13,9
06January_2010_Wednesday_heute-3524,181,41,8
04April_2011_Monday_heute-969,107,21,7
28November_2011_Monday_heute-1590,133,41,3
16January_2010_Saturday_tagesschau-8082,64,13,8
02March_2011_Wednesday_tagesschau-4711,107,21,8
20November_2011_Sunday_tagesschau-544,131,41,6
12December_2011_Monday_tagesschau-8273,112,21,5
14July_2010_Wednesday_heute-6179,38,9,5
28January_2010_Thursday_heute-2893,186,41,9
14August_2009_Friday_tagesschau-68,65,13,4
14October_2010_Thursday_tagesschau-292,55,13,0
04August_2011_Thursday_tagesschau-708,76,21,9
11September_2009_Friday_tagesschau-8778,84,21,6
31August_2010_Tuesday_heute-3176,173,41,2
16March_2011_Wednesday_tagesschau-2214,101,21,6
24May_2011_Tuesday_heute-6061,196,41,7
27June_2011_Monday_heute-2462,112,21,8
28April_2010_Wednesday_heute-5184,95,21,7
05March_2011_Saturday_tagesschau-5438,77,21,5
30October_2009_Friday_tagesschau-2280,112,21,6
23August_2010_Monday_tagesschau-4437,147,41,0
26June_2010_Saturday_tagesschau-722,112,21,7
13May_2010_Thursday_tagesschau-7917,129,41,2
12December_2011_Monday_heute-5810,54,13,2
16November_2009_Monday_tagesschau-3103,139,41,7
21November_2011_Monday_heute-5425,179,41,1
11February_2010_Thursday_tagesschau-8769,160,41,4
22April_2010_Thursday_heute-2119,127,21,0
28July_2011_Thursday_tagesschau-8525,64,13,0
15December_2010_Wednesday_heute-6023,117,21,2
02June_2010_Wednesday_tagesschau-7164,124,21,0
03February_2010_Wednesday_tagesschau-2065,190,41,7
12July_2009_Sunday_tagesschau-2579,101,21,8
27August_2009_Thursday_tagesschau-3278,60,13,1
05December_2011_Monday_heute-7437,132,41,9
01April_2010_Thursday_tagesschau-4327,39,9,9
18May_2010_Tuesday_heute-3372,76,21,5
06October_2011_Thursday_heute-5537,101,21,6
29May_2010_Saturday_tagesschau-8417,124,21,2
10August_2011_Wednesday_tagesschau-6297,160,41,5
11August_2011_Thursday_heute-3186,168,41,7
27November_2011_Sunday_tagesschau-5147,99,21,5
15February_2011_Tuesday_tagesschau-7469,106,21,9
22May_2010_Saturday_tagesschau-2732,145,41,0
05May_2011_Thursday_heute-3751,37,9,5
05May_2011_Thursday_tagesschau-31,124,21,6
01October_2012_Monday_heute-443,150,41,1
26October_2009_Monday_tagesschau-1391,108,21,1
10July_2009_Friday_tagesschau-1087,138,41,1
29March_2010_Monday_tagesschau-8397,67,21,8
13July_2011_Wednesday_tagesschau-7979,111,21,5
27June_2011_Monday_heute-2471,32,9,3
13July_2009_Monday_tagesschau-7518,65,13,7
05April_2011_Tuesday_tagesschau-6417,112,21,3
06April_2010_Tuesday_heute-5981,103,21,5
20August_2010_Friday_tagesschau-2728,146,41,6
02February_2011_Wednesday_tagesschau-7448,211,41,4
10January_2010_Sunday_tagesschau-478,98,21,1
21October_2011_Friday_tagesschau-4112,71,21,6
13January_2010_Wednesday_tagesschau-3823,174,41,5
05December_2011_Monday_heute-7425,112,21,9
28March_2011_Monday_tagesschau-2288,123,21,3
14October_2010_Thursday_heute-2185,41,13,1
26November_2011_Saturday_tagesschau-5850,134,41,4
05April_2011_Tuesday_tagesschau-6426,133,41,3
23July_2010_Friday_tagesschau-578,62,13,4
23July_2009_Thursday_tagesschau-6763,51,13,6
31January_2010_Sunday_tagesschau-1335,70,21,9
30May_2011_Monday_heute-3678,333,41,7
24January_2011_Monday_tagesschau-3719,226,41,2
17April_2011_Sunday_tagesschau-2159,67,21,2
07May_2010_Friday_tagesschau-3614,222,41,9
24August_2010_Tuesday_heute-3009,114,21,9
20January_2011_Thursday_tagesschau-3072,58,13,7
19November_2009_Thursday_tagesschau-3790,138,41,6
25August_2010_Wednesday_heute-6000,187,41,2
25January_2010_Monday_tagesschau-8308,235,41,2
18July_2010_Sunday_tagesschau-6214,96,21,8
05January_2010_Tuesday_tagesschau-2664,73,21,6
19February_2011_Saturday_tagesschau-5286,91,21,3
05November_2010_Friday_tagesschau-1875,111,21,9
25August_2009_Tuesday_heute-3308,93,21,6
15December_2010_Wednesday_heute-6018,116,21,9
24September_2010_Friday_tagesschau-207,69,21,1
16February_2010_Tuesday_tagesschau-6092,105,21,3
15July_2009_Wednesday_tagesschau-5289,38,9,4
19April_2010_Monday_heute-779,168,41,9
26May_2010_Wednesday_tagesschau-6716,100,21,8
29January_2011_Saturday_tagesschau-8647,90,21,7
28January_2013_Monday_heute-7992,35,9,9
19October_2010_Tuesday_tagesschau-8296,46,13,4
21July_2010_Wednesday_tagesschau-7379,145,41,1
22March_2011_Tuesday_tagesschau-4953,99,21,9
14June_2010_Monday_tagesschau-3700,65,13,9
20February_2011_Sunday_tagesschau-3169,117,21,5
13January_2010_Wednesday_tagesschau-3821,145,41,2
03June_2011_Friday_tagesschau-7648,122,21,0
16July_2011_Saturday_tagesschau-7532,58,13,2
07November_2010_Sunday_tagesschau-1977,198,41,9
18February_2010_Thursday_tagesschau-4528,122,21,9
26August_2009_Wednesday_heute-6553,65,13,1
24November_2009_Tuesday_tagesschau-5687,60,13,9
03August_2010_Tuesday_tagesschau-2783,103,21,3
04December_2010_Saturday_tagesschau-4844,130,41,7
03November_2010_Wednesday_tagesschau-6508,118,21,9
29April_2010_Thursday_heute-8631,41,13,2
30September_2012_Sunday_tagesschau-4030,145,41,9
05October_2010_Tuesday_heute-1223,50,13,0
30September_2009_Wednesday_tagesschau-1777,67,21,0
17April_2010_Saturday_tagesschau-404,122,21,7
28July_2011_Thursday_tagesschau-8529,172,41,6
07April_2011_Thursday_tagesschau-8099,130,41,0
22January_2011_Saturday_tagesschau-2084,129,41,2
26August_2009_Wednesday_heute-6555,125,21,5
12April_2010_Monday_heute-7685,47,13,9
04March_2011_Friday_tagesschau-2836,129,41,4
27May_2010_Thursday_heute-1231,104,21,6
28March_2011_Monday_tagesschau-2284,107,21,2
13May_2010_Thursday_tagesschau-7921,203,41,3
05May_2010_Wednesday_tagesschau-3349,91,21,5
22April_2010_Thursday_heute-2117,147,41,2
27May_2011_Friday_tagesschau-8131,77,21,7
10November_2009_Tuesday_tagesschau-7245,144,41,2
12July_2010_Monday_heute-255,144,41,2
08June_2010_Tuesday_heute-1989,246,41,5
22November_2011_Tuesday_tagesschau-3653,166,41,9
20June_2011_Monday_heute-6517,209,41,0
29January_2011_Saturday_tagesschau-8652,105,21,3
29January_2010_Friday_tagesschau-6486,108,21,4
26September_2010_Sunday_tagesschau-5934,147,41,0
12December_2011_Monday_tagesschau-8272,140,41,1
27August_2009_Thursday_tagesschau-3280,112,21,5
01August_2011_Monday_heute-4861,44,13,4
22April_2010_Thursday_heute-2114,189,41,0
10May_2010_Monday_tagesschau-6855,203,41,0
16June_2010_Wednesday_tagesschau-8152,103,21,9
05December_2011_Monday_tagesschau-4183,105,21,6
02November_2010_Tuesday_heute-2756,53,13,0
28October_2009_Wednesday_tagesschau-4534,101,21,7
12May_2010_Wednesday_tagesschau-313,84,21,8
19January_2011_Wednesday_tagesschau-7070,120,21,7
09February_2011_Wednesday_tagesschau-2505,115,21,2
29April_2010_Thursday_tagesschau-4875,94,21,7
03August_2010_Tuesday_heute-7614,90,21,9
04October_2010_Monday_heute-5951,98,21,9
19February_2011_Saturday_tagesschau-5282,107,21,3
15February_2011_Tuesday_tagesschau-7479,89,21,5
29July_2010_Thursday_tagesschau-7419,127,21,2
08September_2010_Wednesday_tagesschau-5238,150,41,4
09February_2011_Wednesday_heute-7545,211,41,0
22November_2010_Monday_heute-278,208,41,8
27August_2010_Friday_tagesschau-5160,234,41,4
01October_2012_Monday_heute-442,34,9,0
01November_2010_Monday_heute-1721,62,13,1
06December_2011_Tuesday_heute-1545,115,21,2
12February_2010_Friday_tagesschau-128,75,21,9
20April_2011_Wednesday_tagesschau-3091,127,21,7
11January_2011_Tuesday_heute-8170,139,41,9
21April_2010_Wednesday_tagesschau-6229,84,21,0
19May_2010_Wednesday_heute-1113,130,41,0
04December_2011_Sunday_tagesschau-7783,114,21,8
07May_2011_Saturday_tagesschau-116,134,41,9
10August_2011_Wednesday_tagesschau-6300,89,21,4
20November_2011_Sunday_tagesschau-543,92,21,8
20April_2011_Wednesday_tagesschau-3082,107,21,1
05February_2011_Saturday_tagesschau-7851,47,13,9
26May_2010_Wednesday_tagesschau-6715,110,21,8
12December_2009_Saturday_tagesschau-4731,77,21,6
31October_2009_Saturday_tagesschau-7138,93,21,7
02December_2011_Friday_tagesschau-8007,113,21,9
03October_2012_Wednesday_tagesschau-7663,58,13,5
29September_2010_Wednesday_tagesschau-1795,89,21,0
07December_2010_Tuesday_heute-5628,184,41,5
28December_2011_Wednesday_tagesschau-1918,108,21,6
30July_2011_Saturday_tagesschau-8599,71,21,4
16January_2010_Saturday_tagesschau-8075,44,13,5
23July_2010_Friday_tagesschau-582,197,41,2
23May_2011_Monday_tagesschau-1095,106,21,1
20October_2010_Wednesday_tagesschau-8208,155,41,4
29September_2011_Thursday_tagesschau-7227,95,21,8
16June_2010_Wednesday_heute-8311,44,13,1
14June_2010_Monday_tagesschau-3710,105,21,5
05October_2010_Tuesday_tagesschau-4238,110,21,7
23February_2011_Wednesday_heute-3766,134,41,1
20January_2010_Wednesday_heute-810,118,21,3
10August_2010_Tuesday_heute-1444,46,13,8
24July_2010_Saturday_tagesschau-6335,134,41,2
12January_2011_Wednesday_heute-6384,120,21,2
11January_2011_Tuesday_tagesschau-8019,66,21,4
11August_2010_Wednesday_tagesschau-6,185,41,0
21August_2010_Saturday_tagesschau-8821,155,41,2
27February_2011_Sunday_tagesschau-6116,154,41,7
15February_2010_Monday_tagesschau-1839,148,41,8
10March_2011_Thursday_heute-57,178,41,6
19September_2010_Sunday_tagesschau-3801,87,21,4
02September_2010_Thursday_tagesschau-8370,90,21,6
29September_2011_Thursday_tagesschau-7234,100,21,4
05September_2010_Sunday_tagesschau-3126,74,21,3
24January_2013_Thursday_tagesschau-6324,130,41,4
14February_2010_Sunday_tagesschau-3836,132,41,9
27May_2011_Friday_tagesschau-8128,153,41,9
15September_2010_Wednesday_heute-2474,150,41,4
06February_2011_Sunday_tagesschau-6915,91,21,1
29October_2009_Thursday_tagesschau-1017,147,41,1
11January_2011_Tuesday_tagesschau-8030,43,13,5
12December_2011_Monday_heute-5816,48,13,8
03September_2010_Friday_tagesschau-8425,154,41,1
28January_2013_Monday_tagesschau-3621,164,41,1
19October_2010_Tuesday_heute-8055,113,21,0
01February_2011_Tuesday_heute-4643,45,13,3
28November_2011_Monday_heute-1592,151,41,4
27October_2010_Wednesday_tagesschau-7461,166,41,0
28August_2010_Saturday_tagesschau-8190,95,21,4
29January_2011_Saturday_tagesschau-8656,161,41,6
27August_2009_Thursday_tagesschau-3272,79,21,2
17February_2010_Wednesday_tagesschau-4936,102,21,1
14October_2010_Thursday_tagesschau-288,61,13,8
14September_2010_Tuesday_tagesschau-5221,135,41,1
15June_2010_Tuesday_tagesschau-87,49,13,8
05June_2010_Saturday_tagesschau-3929,158,41,7
08February_2010_Monday_heute-1507,200,41,1
15February_2011_Tuesday_heute-7915,43,13,1
29August_2011_Monday_tagesschau-5716,130,41,7
05September_2010_Sunday_tagesschau-3131,168,41,9
09August_2010_Monday_heute-5894,85,21,4
23October_2010_Saturday_tagesschau-894,120,21,8
12September_2010_Sunday_tagesschau-3918,123,21,3
15December_2009_Tuesday_tagesschau-6959,102,21,4
13July_2010_Tuesday_heute-4815,177,41,4
09June_2010_Wednesday_heute-8253,39,9,6
03September_2010_Friday_tagesschau-8431,110,21,2
31January_2011_Monday_heute-3045,85,21,2
19February_2011_Saturday_tagesschau-5280,62,13,5
10December_2009_Thursday_tagesschau-7492,149,41,9
24May_2010_Monday_tagesschau-3149,123,21,7
18April_2011_Monday_tagesschau-1321,110,21,9
09August_2010_Monday_heute-5893,112,21,4
01December_2011_Thursday_heute-3059,173,41,9
24January_2013_Thursday_tagesschau-6331,58,13,6
16December_2011_Friday_tagesschau-6530,98,21,0
07December_2011_Wednesday_tagesschau-5392,170,41,6
05December_2011_Monday_tagesschau-4169,67,21,8
05June_2010_Saturday_tagesschau-3927,82,21,0
12December_2009_Saturday_tagesschau-4733,88,21,2
28January_2010_Thursday_tagesschau-2809,79,21,9
06April_2010_Tuesday_tagesschau-307,189,41,4
04July_2009_Saturday_tagesschau-3341,140,41,6
19April_2010_Monday_heute-774,188,41,1
19January_2011_Wednesday_heute-2677,63,13,5
25January_2011_Tuesday_tagesschau-2983,54,13,7
10January_2011_Monday_heute-1377,45,13,2
06December_2009_Sunday_tagesschau-5518,44,13,9
13April_2010_Tuesday_tagesschau-2312,116,21,3
30March_2010_Tuesday_heute-7578,32,9,2
05April_2011_Tuesday_tagesschau-6421,108,21,8
23October_2010_Saturday_tagesschau-900,124,21,5
06January_2010_Wednesday_tagesschau-7735,214,41,9
04March_2011_Friday_tagesschau-2837,104,21,4
19January_2011_Wednesday_heute-2689,171,41,4
02June_2010_Wednesday_heute-6781,35,9,8
29September_2011_Thursday_heute-4234,104,21,2
04July_2011_Monday_heute-6450,157,41,7
23February_2010_Tuesday_tagesschau-197,106,21,0
23February_2011_Wednesday_heute-3767,60,13,2
04March_2011_Friday_tagesschau-2842,86,21,4
04October_2010_Monday_heute-5957,36,9,9
17February_2010_Wednesday_heute-1485,91,21,1
16December_2009_Wednesday_tagesschau-5910,95,21,8
02October_2010_Saturday_tagesschau-1302,86,21,6
04June_2010_Friday_tagesschau-1169,225,41,2
23August_2010_Monday_heute-5327,141,41,9
19October_2009_Monday_tagesschau-232,160,41,3
05September_2010_Sunday_tagesschau-3128,169,41,7
09June_2010_Wednesday_tagesschau-5962,69,21,7
21July_2009_Tuesday_tagesschau-8063,196,41,9
02November_2010_Tuesday_heute-2746,315,41,5
12May_2010_Wednesday_tagesschau-321,198,41,6
29April_2010_Thursday_heute-8630,40,9,6
29January_2011_Saturday_tagesschau-8650,74,21,1
18June_2010_Friday_tagesschau-4823,91,21,3
08April_2011_Friday_tagesschau-2067,83,21,9
21March_2011_Monday_tagesschau-4424,120,21,1
26May_2011_Thursday_tagesschau-4790,93,21,0
30August_2010_Monday_tagesschau-2824,52,13,2
23July_2010_Friday_tagesschau-576,93,21,9
24May_2011_Tuesday_tagesschau-4470,104,21,8
15May_2010_Saturday_tagesschau-5654,74,21,9
12December_2011_Monday_heute-5809,130,41,1
03December_2009_Thursday_tagesschau-7225,29,9,3
02August_2010_Monday_heute-1239,194,41,2
24May_2011_Tuesday_tagesschau-4472,40,9,6
06March_2011_Sunday_tagesschau-3897,142,41,4
06December_2010_Monday_heute-6210,140,41,6
12November_2009_Thursday_tagesschau-6780,116,21,5
09January_2010_Saturday_tagesschau-1922,125,21,9
12September_2009_Saturday_tagesschau-6595,101,21,0
01June_2011_Wednesday_heute-954,219,41,2
02November_2010_Tuesday_heute-2749,69,21,2
21January_2011_Friday_tagesschau-4898,143,41,4
07June_2010_Monday_heute-2330,195,41,2
27May_2010_Thursday_heute-1230,78,21,2
11August_2010_Wednesday_tagesschau-10,168,41,2
28July_2011_Thursday_tagesschau-8520,123,21,4
15December_2009_Tuesday_tagesschau-6971,130,41,3
04July_2010_Sunday_tagesschau-7210,240,41,6
18November_2011_Friday_tagesschau-2145,69,21,4
28January_2010_Thursday_heute-2887,162,41,8
28November_2011_Monday_heute-1591,106,21,8
07December_2010_Tuesday_tagesschau-4154,53,13,1
06June_2010_Sunday_tagesschau-6369,137,41,2
05January_2011_Wednesday_heute-3539,92,21,9
18January_2011_Tuesday_tagesschau-6990,112,21,3
04April_2010_Sunday_tagesschau-4567,90,21,7
10August_2010_Tuesday_tagesschau-3870,152,41,6
